This is pdfTeX, Version 3.141592653-2.6-1.40.27 (MiKTeX 25.4) (preloaded format=pdflatex 2025.9.30)  11 FEB 2026 15:01
entering extended mode
 restricted \write18 enabled.
 file:line:error style messages enabled.
 %&-line parsing enabled.
**c:/Dissertation/Diss/diss.tex
(c:/Dissertation/Diss/diss.tex
LaTeX2e <2025-06-01> patch level 1
L3 programming layer <2025-09-02>
(C:\Users\tsc\AppData\Local\Programs\MiKTeX\tex/latex/koma-script\scrbook.cls
Document Class: scrbook 2025/09/09 v3.48 KOMA-Script document class (book)
(C:\Users\tsc\AppData\Local\Programs\MiKTeX\tex/latex/koma-script\scrkbase.sty
Package: scrkbase 2025/09/09 v3.48 KOMA-Script package (KOMA-Script-dependent basics and keyval usage)
 (C:\Users\tsc\AppData\Local\Programs\MiKTeX\tex/latex/koma-script\scrbase.sty
Package: scrbase 2025/09/09 v3.48 KOMA-Script package (KOMA-Script-independent basics and keyval usage)
 (C:\Users\tsc\AppData\Local\Programs\MiKTeX\tex/latex/koma-script\scrlfile.sty
Package: scrlfile 2025/09/09 v3.48 KOMA-Script package (file load hooks)
 (C:\Users\tsc\AppData\Local\Programs\MiKTeX\tex/latex/koma-script\scrlfile-hook.sty
Package: scrlfile-hook 2025/09/09 v3.48 KOMA-Script package (using LaTeX hooks)
 (C:\Users\tsc\AppData\Local\Programs\MiKTeX\tex/latex/koma-script\scrlogo.sty
Package: scrlogo 2025/09/09 v3.48 KOMA-Script package (logo)
))) (C:\Users\tsc\AppData\Local\Programs\MiKTeX\tex/latex/graphics\keyval.sty
Package: keyval 2022/05/29 v1.15 key=value parser (DPC)
\KV@toks@=\toks17
)
Applying: [2021/05/01] Usage of raw or classic option list on input line 254.
Already applied: [0000/00/00] Usage of raw or classic option list on input line 370.
)) (C:\Users\tsc\AppData\Local\Programs\MiKTeX\tex/latex/koma-script\tocbasic.sty
Package: tocbasic 2025/09/09 v3.48 KOMA-Script package (handling toc-files)
\scr@dte@tocline@numberwidth=\skip49
\scr@dte@tocline@numbox=\box53
)
Package tocbasic Info: omitting babel extension for `toc'
(tocbasic)             because of feature `nobabel' available
(tocbasic)             for `toc' on input line 143.
Package scrbook Info: You've used standard option `12pt'.
(scrbook)             This is correct!
(scrbook)             Internally I'm using `fontsize=12pt'.
(scrbook)             If you'd like to set the option with \KOMAoptions,
(scrbook)             you'd have to use `fontsize=12pt' there
(scrbook)             instead of `12pt', too.
Class scrbook Info: File `scrsize12pt.clo' used to setup font sizes on input line 2710.
 (C:\Users\tsc\AppData\Local\Programs\MiKTeX\tex/latex/koma-script\scrsize12pt.clo
File: scrsize12pt.clo 2025/09/09 v3.48 KOMA-Script font size class option (12pt)
) (C:\Users\tsc\AppData\Local\Programs\MiKTeX\tex/latex/koma-script\typearea.sty
Package: typearea 2025/09/09 v3.48 KOMA-Script package (type area)
\ta@bcor=\skip50
\ta@div=\count275
Package typearea Info: You've used standard option `a4paper'.
(typearea)             This is correct!
(typearea)             Internally I'm using `paper=a4'.
(typearea)             If you'd like to set the option with \KOMAoptions,
(typearea)             you'd have to use `paper=a4' there
(typearea)             instead of `a4paper', too.
\ta@hblk=\skip51
\ta@vblk=\skip52
\ta@temp=\skip53
\footheight=\skip54
Package typearea Info: These are the values describing the layout:
(typearea)             DIV  = 12
(typearea)             BCOR = 0.0pt
(typearea)             \paperwidth      = 597.50793pt
(typearea)              \textwidth      = 448.13095pt
(typearea)              DIV departure   = -6%
(typearea)              \evensidemargin = 27.31467pt
(typearea)              \oddsidemargin  = -22.47766pt
(typearea)             \paperheight     = 845.04694pt
(typearea)              \textheight     = 635.5pt
(typearea)              \topmargin      = -41.72441pt
(typearea)              \headheight     = 18.125pt
(typearea)              \headsep        = 21.75pt
(typearea)              \topskip        = 12.0pt
(typearea)              \footskip       = 50.75pt
(typearea)              \baselineskip   = 14.5pt
(typearea)              on input line 1807.
)
\c@part=\count276
\c@chapter=\count277
\c@section=\count278
\c@subsection=\count279
\c@subsubsection=\count280
\c@paragraph=\count281
\c@subparagraph=\count282
\scr@dte@chapter@maxnumwidth=\skip55
Class scrbook Info: using compatibility default `afterindent=bysign'
(scrbook)           for `\chapter on input line 6076.
\scr@dte@section@maxnumwidth=\skip56
Class scrbook Info: using compatibility default `runin=bysign'
(scrbook)           for `\section on input line 6087.
Class scrbook Info: using compatibility default `afterindent=bysign'
(scrbook)           for `\section on input line 6087.
\scr@dte@part@maxnumwidth=\skip57
Class scrbook Info: using compatibility default `afterindent=true'
(scrbook)           for `\part on input line 6096.
\scr@dte@subsection@maxnumwidth=\skip58
Class scrbook Info: using compatibility default `runin=bysign'
(scrbook)           for `\subsection on input line 6106.
Class scrbook Info: using compatibility default `afterindent=bysign'
(scrbook)           for `\subsection on input line 6106.
\scr@dte@subsubsection@maxnumwidth=\skip59
Class scrbook Info: using compatibility default `runin=bysign'
(scrbook)           for `\subsubsection on input line 6116.
Class scrbook Info: using compatibility default `afterindent=bysign'
(scrbook)           for `\subsubsection on input line 6116.
\scr@dte@paragraph@maxnumwidth=\skip60
Class scrbook Info: using compatibility default `runin=bysign'
(scrbook)           for `\paragraph on input line 6127.
Class scrbook Info: using compatibility default `afterindent=bysign'
(scrbook)           for `\paragraph on input line 6127.
\scr@dte@subparagraph@maxnumwidth=\skip61
Class scrbook Info: using compatibility default `runin=bysign'
(scrbook)           for `\subparagraph on input line 6137.
Class scrbook Info: using compatibility default `afterindent=bysign'
(scrbook)           for `\subparagraph on input line 6137.
\abovecaptionskip=\skip62
\belowcaptionskip=\skip63
\c@pti@nb@sid@b@x=\box54
Package tocbasic Info: omitting babel extension for `lof'
(tocbasic)             because of feature `nobabel' available
(tocbasic)             for `lof' on input line 7350.
\scr@dte@figure@maxnumwidth=\skip64
\c@figure=\count283
Package tocbasic Info: omitting babel extension for `lot'
(tocbasic)             because of feature `nobabel' available
(tocbasic)             for `lot' on input line 7363.
\scr@dte@table@maxnumwidth=\skip65
\c@table=\count284
Class scrbook Info: Redefining `\numberline' on input line 7534.
\bibindent=\dimen148
) (00_support/macros.tex) (tabu.sty
Package: tabu 2019/01/11 v2.9 - flexible LaTeX tabulars (FC+tabu-fixed)
 (C:\Users\tsc\AppData\Local\Programs\MiKTeX\tex/latex/tools\array.sty
Package: array 2025/06/08 v2.6j Tabular extension package (FMi)
\col@sep=\dimen149
\ar@mcellbox=\box55
\extrarowheight=\dimen150
\NC@list=\toks18
\extratabsurround=\skip66
\backup@length=\skip67
\ar@cellbox=\box56
) (C:\Users\tsc\AppData\Local\Programs\MiKTeX\tex/latex/varwidth\varwidth.sty
Package: varwidth 2009/03/30 ver 0.92;  Variable-width minipages
\@vwid@box=\box57
\sift@deathcycles=\count285
\@vwid@loff=\dimen151
\@vwid@roff=\dimen152
)
==> First Aid for varwidth.sty applied!
\c@taburow=\count286
\tabu@nbcols=\count287
\tabu@cnt=\count288
\tabu@Xcol=\count289
\tabu@alloc=\count290
\tabu@nested=\count291
\tabu@target=\dimen153
\tabu@spreadtarget=\dimen154
\tabu@naturalX=\dimen155
\tabucolX=\dimen156
\tabu@Xsum=\dimen157
\extrarowdepth=\dimen158
\abovetabulinesep=\dimen159
\belowtabulinesep=\dimen160
\tabustrutrule=\dimen161
\tabu@thebody=\toks19
\tabu@footnotes=\toks20
\tabu@box=\box58
\tabu@arstrutbox=\box59
\tabu@hleads=\box60
\tabu@vleads=\box61
\tabu@cellskip=\skip68
) (C:\Users\tsc\AppData\Local\Programs\MiKTeX\tex/latex/was\upgreek.sty
Package: upgreek 2003/02/12 v2.0 (WaS)
Package upgreek Info: Using Euler Roman for upright Greek on input line 31.
\symugrf@m=\mathgroup4
LaTeX Font Info:    Overwriting symbol font `ugrf@m' in version `bold'
(Font)                  U/eur/m/n --> U/eur/b/n on input line 38.
) (C:\Users\tsc\AppData\Local\Programs\MiKTeX\tex/latex/textgreek\textgreek.sty
Package: textgreek 2011/10/09 v0.7 Greek symbols in text
Package textgreek Info: Loading the definitions for the Greek fontencoding. on input line 39.
 (C:\Users\tsc\AppData\Local\Programs\MiKTeX\tex/latex/greek-fontenc\lgrenc.def
File: lgrenc.def 2023-09-12 2.5 LGR Greek font encoding definitions
Now handling font encoding LGR ...
... processing UTF-8 mapping file for font encoding LGR
 (C:\Users\tsc\AppData\Local\Programs\MiKTeX\tex/latex/greek-inputenc\lgrenc.dfu
File: lgrenc.dfu 2023-03-21 1.9 UTF-8 support for Greek
   defining Unicode char U+00A8 (decimal 168)
   defining Unicode char U+00AB (decimal 171)
   defining Unicode char U+00AF (decimal 175)
   defining Unicode char U+00B4 (decimal 180)
   defining Unicode char U+00B7 (decimal 183)
   defining Unicode char U+00BB (decimal 187)
   defining Unicode char U+0259 (decimal 601)
   defining Unicode char U+02D8 (decimal 728)
   defining Unicode char U+0374 (decimal 884)
   defining Unicode char U+0375 (decimal 885)
   defining Unicode char U+037A (decimal 890)
   defining Unicode char U+037E (decimal 894)
   defining Unicode char U+0384 (decimal 900)
   defining Unicode char U+0385 (decimal 901)
   defining Unicode char U+0386 (decimal 902)
   defining Unicode char U+0387 (decimal 903)
   defining Unicode char U+0388 (decimal 904)
   defining Unicode char U+0389 (decimal 905)
   defining Unicode char U+038A (decimal 906)
   defining Unicode char U+038C (decimal 908)
   defining Unicode char U+038E (decimal 910)
   defining Unicode char U+038F (decimal 911)
   defining Unicode char U+0390 (decimal 912)
   defining Unicode char U+0391 (decimal 913)
   defining Unicode char U+0392 (decimal 914)
   defining Unicode char U+0393 (decimal 915)
   defining Unicode char U+0394 (decimal 916)
   defining Unicode char U+0395 (decimal 917)
   defining Unicode char U+0396 (decimal 918)
   defining Unicode char U+0397 (decimal 919)
   defining Unicode char U+0398 (decimal 920)
   defining Unicode char U+0399 (decimal 921)
   defining Unicode char U+039A (decimal 922)
   defining Unicode char U+039B (decimal 923)
   defining Unicode char U+039C (decimal 924)
   defining Unicode char U+039D (decimal 925)
   defining Unicode char U+039E (decimal 926)
   defining Unicode char U+039F (decimal 927)
   defining Unicode char U+03A0 (decimal 928)
   defining Unicode char U+03A1 (decimal 929)
   defining Unicode char U+03A3 (decimal 931)
   defining Unicode char U+03A4 (decimal 932)
   defining Unicode char U+03A5 (decimal 933)
   defining Unicode char U+03A6 (decimal 934)
   defining Unicode char U+03A7 (decimal 935)
   defining Unicode char U+03A8 (decimal 936)
   defining Unicode char U+03A9 (decimal 937)
   defining Unicode char U+03AA (decimal 938)
   defining Unicode char U+03AB (decimal 939)
   defining Unicode char U+03AC (decimal 940)
   defining Unicode char U+03AD (decimal 941)
   defining Unicode char U+03AE (decimal 942)
   defining Unicode char U+03AF (decimal 943)
   defining Unicode char U+03B0 (decimal 944)
   defining Unicode char U+03B1 (decimal 945)
   defining Unicode char U+03B2 (decimal 946)
   defining Unicode char U+03B3 (decimal 947)
   defining Unicode char U+03B4 (decimal 948)
   defining Unicode char U+03B5 (decimal 949)
   defining Unicode char U+03B6 (decimal 950)
   defining Unicode char U+03B7 (decimal 951)
   defining Unicode char U+03B8 (decimal 952)
   defining Unicode char U+03B9 (decimal 953)
   defining Unicode char U+03BA (decimal 954)
   defining Unicode char U+03BB (decimal 955)
   defining Unicode char U+03BC (decimal 956)
   defining Unicode char U+03BD (decimal 957)
   defining Unicode char U+03BE (decimal 958)
   defining Unicode char U+03BF (decimal 959)
   defining Unicode char U+03C0 (decimal 960)
   defining Unicode char U+03C1 (decimal 961)
   defining Unicode char U+03C2 (decimal 962)
   defining Unicode char U+03C3 (decimal 963)
   defining Unicode char U+03C4 (decimal 964)
   defining Unicode char U+03C5 (decimal 965)
   defining Unicode char U+03C6 (decimal 966)
   defining Unicode char U+03C7 (decimal 967)
   defining Unicode char U+03C8 (decimal 968)
   defining Unicode char U+03C9 (decimal 969)
   defining Unicode char U+03CA (decimal 970)
   defining Unicode char U+03CB (decimal 971)
   defining Unicode char U+03CC (decimal 972)
   defining Unicode char U+03CD (decimal 973)
   defining Unicode char U+03CE (decimal 974)
   defining Unicode char U+03D0 (decimal 976)
   defining Unicode char U+03D1 (decimal 977)
   defining Unicode char U+03D5 (decimal 981)
   defining Unicode char U+03D6 (decimal 982)
   defining Unicode char U+03D8 (decimal 984)
   defining Unicode char U+03D9 (decimal 985)
   defining Unicode char U+03DA (decimal 986)
   defining Unicode char U+03DB (decimal 987)
   defining Unicode char U+03DC (decimal 988)
   defining Unicode char U+03DD (decimal 989)
   defining Unicode char U+03DE (decimal 990)
   defining Unicode char U+03DF (decimal 991)
   defining Unicode char U+03E0 (decimal 992)
   defining Unicode char U+03E1 (decimal 993)
   defining Unicode char U+03F0 (decimal 1008)
   defining Unicode char U+03F1 (decimal 1009)
   defining Unicode char U+03F4 (decimal 1012)
   defining Unicode char U+03F5 (decimal 1013)
   defining Unicode char U+1F00 (decimal 7936)
   defining Unicode char U+1F01 (decimal 7937)
   defining Unicode char U+1F02 (decimal 7938)
   defining Unicode char U+1F03 (decimal 7939)
   defining Unicode char U+1F04 (decimal 7940)
   defining Unicode char U+1F05 (decimal 7941)
   defining Unicode char U+1F06 (decimal 7942)
   defining Unicode char U+1F07 (decimal 7943)
   defining Unicode char U+1F08 (decimal 7944)
   defining Unicode char U+1F09 (decimal 7945)
   defining Unicode char U+1F0A (decimal 7946)
   defining Unicode char U+1F0B (decimal 7947)
   defining Unicode char U+1F0C (decimal 7948)
   defining Unicode char U+1F0D (decimal 7949)
   defining Unicode char U+1F0E (decimal 7950)
   defining Unicode char U+1F0F (decimal 7951)
   defining Unicode char U+1F10 (decimal 7952)
   defining Unicode char U+1F11 (decimal 7953)
   defining Unicode char U+1F12 (decimal 7954)
   defining Unicode char U+1F13 (decimal 7955)
   defining Unicode char U+1F14 (decimal 7956)
   defining Unicode char U+1F15 (decimal 7957)
   defining Unicode char U+1F18 (decimal 7960)
   defining Unicode char U+1F19 (decimal 7961)
   defining Unicode char U+1F1A (decimal 7962)
   defining Unicode char U+1F1B (decimal 7963)
   defining Unicode char U+1F1C (decimal 7964)
   defining Unicode char U+1F1D (decimal 7965)
   defining Unicode char U+1F20 (decimal 7968)
   defining Unicode char U+1F21 (decimal 7969)
   defining Unicode char U+1F22 (decimal 7970)
   defining Unicode char U+1F23 (decimal 7971)
   defining Unicode char U+1F24 (decimal 7972)
   defining Unicode char U+1F25 (decimal 7973)
   defining Unicode char U+1F26 (decimal 7974)
   defining Unicode char U+1F27 (decimal 7975)
   defining Unicode char U+1F28 (decimal 7976)
   defining Unicode char U+1F29 (decimal 7977)
   defining Unicode char U+1F2A (decimal 7978)
   defining Unicode char U+1F2B (decimal 7979)
   defining Unicode char U+1F2C (decimal 7980)
   defining Unicode char U+1F2D (decimal 7981)
   defining Unicode char U+1F2E (decimal 7982)
   defining Unicode char U+1F2F (decimal 7983)
   defining Unicode char U+1F30 (decimal 7984)
   defining Unicode char U+1F31 (decimal 7985)
   defining Unicode char U+1F32 (decimal 7986)
   defining Unicode char U+1F33 (decimal 7987)
   defining Unicode char U+1F34 (decimal 7988)
   defining Unicode char U+1F35 (decimal 7989)
   defining Unicode char U+1F36 (decimal 7990)
   defining Unicode char U+1F37 (decimal 7991)
   defining Unicode char U+1F38 (decimal 7992)
   defining Unicode char U+1F39 (decimal 7993)
   defining Unicode char U+1F3A (decimal 7994)
   defining Unicode char U+1F3B (decimal 7995)
   defining Unicode char U+1F3C (decimal 7996)
   defining Unicode char U+1F3D (decimal 7997)
   defining Unicode char U+1F3E (decimal 7998)
   defining Unicode char U+1F3F (decimal 7999)
   defining Unicode char U+1F40 (decimal 8000)
   defining Unicode char U+1F41 (decimal 8001)
   defining Unicode char U+1F42 (decimal 8002)
   defining Unicode char U+1F43 (decimal 8003)
   defining Unicode char U+1F44 (decimal 8004)
   defining Unicode char U+1F45 (decimal 8005)
   defining Unicode char U+1F48 (decimal 8008)
   defining Unicode char U+1F49 (decimal 8009)
   defining Unicode char U+1F4A (decimal 8010)
   defining Unicode char U+1F4B (decimal 8011)
   defining Unicode char U+1F4C (decimal 8012)
   defining Unicode char U+1F4D (decimal 8013)
   defining Unicode char U+1F50 (decimal 8016)
   defining Unicode char U+1F51 (decimal 8017)
   defining Unicode char U+1F52 (decimal 8018)
   defining Unicode char U+1F53 (decimal 8019)
   defining Unicode char U+1F54 (decimal 8020)
   defining Unicode char U+1F55 (decimal 8021)
   defining Unicode char U+1F56 (decimal 8022)
   defining Unicode char U+1F57 (decimal 8023)
   defining Unicode char U+1F59 (decimal 8025)
   defining Unicode char U+1F5B (decimal 8027)
   defining Unicode char U+1F5D (decimal 8029)
   defining Unicode char U+1F5F (decimal 8031)
   defining Unicode char U+1F60 (decimal 8032)
   defining Unicode char U+1F61 (decimal 8033)
   defining Unicode char U+1F62 (decimal 8034)
   defining Unicode char U+1F63 (decimal 8035)
   defining Unicode char U+1F64 (decimal 8036)
   defining Unicode char U+1F65 (decimal 8037)
   defining Unicode char U+1F66 (decimal 8038)
   defining Unicode char U+1F67 (decimal 8039)
   defining Unicode char U+1F68 (decimal 8040)
   defining Unicode char U+1F69 (decimal 8041)
   defining Unicode char U+1F6A (decimal 8042)
   defining Unicode char U+1F6B (decimal 8043)
   defining Unicode char U+1F6C (decimal 8044)
   defining Unicode char U+1F6D (decimal 8045)
   defining Unicode char U+1F6E (decimal 8046)
   defining Unicode char U+1F6F (decimal 8047)
   defining Unicode char U+1F70 (decimal 8048)
   defining Unicode char U+1F71 (decimal 8049)
   defining Unicode char U+1F72 (decimal 8050)
   defining Unicode char U+1F73 (decimal 8051)
   defining Unicode char U+1F74 (decimal 8052)
   defining Unicode char U+1F75 (decimal 8053)
   defining Unicode char U+1F76 (decimal 8054)
   defining Unicode char U+1F77 (decimal 8055)
   defining Unicode char U+1F78 (decimal 8056)
   defining Unicode char U+1F79 (decimal 8057)
   defining Unicode char U+1F7A (decimal 8058)
   defining Unicode char U+1F7B (decimal 8059)
   defining Unicode char U+1F7C (decimal 8060)
   defining Unicode char U+1F7D (decimal 8061)
   defining Unicode char U+1F80 (decimal 8064)
   defining Unicode char U+1F81 (decimal 8065)
   defining Unicode char U+1F82 (decimal 8066)
   defining Unicode char U+1F83 (decimal 8067)
   defining Unicode char U+1F84 (decimal 8068)
   defining Unicode char U+1F85 (decimal 8069)
   defining Unicode char U+1F86 (decimal 8070)
   defining Unicode char U+1F87 (decimal 8071)
   defining Unicode char U+1F88 (decimal 8072)
   defining Unicode char U+1F89 (decimal 8073)
   defining Unicode char U+1F8A (decimal 8074)
   defining Unicode char U+1F8B (decimal 8075)
   defining Unicode char U+1F8C (decimal 8076)
   defining Unicode char U+1F8D (decimal 8077)
   defining Unicode char U+1F8E (decimal 8078)
   defining Unicode char U+1F8F (decimal 8079)
   defining Unicode char U+1F90 (decimal 8080)
   defining Unicode char U+1F91 (decimal 8081)
   defining Unicode char U+1F92 (decimal 8082)
   defining Unicode char U+1F93 (decimal 8083)
   defining Unicode char U+1F94 (decimal 8084)
   defining Unicode char U+1F95 (decimal 8085)
   defining Unicode char U+1F96 (decimal 8086)
   defining Unicode char U+1F97 (decimal 8087)
   defining Unicode char U+1F98 (decimal 8088)
   defining Unicode char U+1F99 (decimal 8089)
   defining Unicode char U+1F9A (decimal 8090)
   defining Unicode char U+1F9B (decimal 8091)
   defining Unicode char U+1F9C (decimal 8092)
   defining Unicode char U+1F9D (decimal 8093)
   defining Unicode char U+1F9E (decimal 8094)
   defining Unicode char U+1F9F (decimal 8095)
   defining Unicode char U+1FA0 (decimal 8096)
   defining Unicode char U+1FA1 (decimal 8097)
   defining Unicode char U+1FA2 (decimal 8098)
   defining Unicode char U+1FA3 (decimal 8099)
   defining Unicode char U+1FA4 (decimal 8100)
   defining Unicode char U+1FA5 (decimal 8101)
   defining Unicode char U+1FA6 (decimal 8102)
   defining Unicode char U+1FA7 (decimal 8103)
   defining Unicode char U+1FA8 (decimal 8104)
   defining Unicode char U+1FA9 (decimal 8105)
   defining Unicode char U+1FAA (decimal 8106)
   defining Unicode char U+1FAB (decimal 8107)
   defining Unicode char U+1FAC (decimal 8108)
   defining Unicode char U+1FAD (decimal 8109)
   defining Unicode char U+1FAE (decimal 8110)
   defining Unicode char U+1FAF (decimal 8111)
   defining Unicode char U+1FB0 (decimal 8112)
   defining Unicode char U+1FB1 (decimal 8113)
   defining Unicode char U+1FB2 (decimal 8114)
   defining Unicode char U+1FB3 (decimal 8115)
   defining Unicode char U+1FB4 (decimal 8116)
   defining Unicode char U+1FB6 (decimal 8118)
   defining Unicode char U+1FB7 (decimal 8119)
   defining Unicode char U+1FB8 (decimal 8120)
   defining Unicode char U+1FB9 (decimal 8121)
   defining Unicode char U+1FBA (decimal 8122)
   defining Unicode char U+1FBB (decimal 8123)
   defining Unicode char U+1FBC (decimal 8124)
   defining Unicode char U+1FBD (decimal 8125)
   defining Unicode char U+1FBE (decimal 8126)
   defining Unicode char U+1FBF (decimal 8127)
   defining Unicode char U+1FC0 (decimal 8128)
   defining Unicode char U+1FC1 (decimal 8129)
   defining Unicode char U+1FC2 (decimal 8130)
   defining Unicode char U+1FC3 (decimal 8131)
   defining Unicode char U+1FC4 (decimal 8132)
   defining Unicode char U+1FC6 (decimal 8134)
   defining Unicode char U+1FC7 (decimal 8135)
   defining Unicode char U+1FC8 (decimal 8136)
   defining Unicode char U+1FC9 (decimal 8137)
   defining Unicode char U+1FCA (decimal 8138)
   defining Unicode char U+1FCB (decimal 8139)
   defining Unicode char U+1FCC (decimal 8140)
   defining Unicode char U+1FCD (decimal 8141)
   defining Unicode char U+1FCE (decimal 8142)
   defining Unicode char U+1FCF (decimal 8143)
   defining Unicode char U+1FD0 (decimal 8144)
   defining Unicode char U+1FD1 (decimal 8145)
   defining Unicode char U+1FD2 (decimal 8146)
   defining Unicode char U+1FD3 (decimal 8147)
   defining Unicode char U+1FD6 (decimal 8150)
   defining Unicode char U+1FD7 (decimal 8151)
   defining Unicode char U+1FD8 (decimal 8152)
   defining Unicode char U+1FD9 (decimal 8153)
   defining Unicode char U+1FDA (decimal 8154)
   defining Unicode char U+1FDB (decimal 8155)
   defining Unicode char U+1FDD (decimal 8157)
   defining Unicode char U+1FDE (decimal 8158)
   defining Unicode char U+1FDF (decimal 8159)
   defining Unicode char U+1FE0 (decimal 8160)
   defining Unicode char U+1FE1 (decimal 8161)
   defining Unicode char U+1FE2 (decimal 8162)
   defining Unicode char U+1FE3 (decimal 8163)
   defining Unicode char U+1FE4 (decimal 8164)
   defining Unicode char U+1FE5 (decimal 8165)
   defining Unicode char U+1FE6 (decimal 8166)
   defining Unicode char U+1FE7 (decimal 8167)
   defining Unicode char U+1FE8 (decimal 8168)
   defining Unicode char U+1FE9 (decimal 8169)
   defining Unicode char U+1FEA (decimal 8170)
   defining Unicode char U+1FEB (decimal 8171)
   defining Unicode char U+1FEC (decimal 8172)
   defining Unicode char U+1FED (decimal 8173)
   defining Unicode char U+1FEE (decimal 8174)
   defining Unicode char U+1FEF (decimal 8175)
   defining Unicode char U+1FF2 (decimal 8178)
   defining Unicode char U+1FF3 (decimal 8179)
   defining Unicode char U+1FF4 (decimal 8180)
   defining Unicode char U+1FF6 (decimal 8182)
   defining Unicode char U+1FF7 (decimal 8183)
   defining Unicode char U+1FF8 (decimal 8184)
   defining Unicode char U+1FF9 (decimal 8185)
   defining Unicode char U+1FFA (decimal 8186)
   defining Unicode char U+1FFB (decimal 8187)
   defining Unicode char U+1FFC (decimal 8188)
   defining Unicode char U+1FFD (decimal 8189)
   defining Unicode char U+1FFE (decimal 8190)
   defining Unicode char U+2013 (decimal 8211)
   defining Unicode char U+2014 (decimal 8212)
   defining Unicode char U+2018 (decimal 8216)
   defining Unicode char U+2019 (decimal 8217)
   defining Unicode char U+201A (decimal 8218)
   defining Unicode char U+2030 (decimal 8240)
   defining Unicode char U+2039 (decimal 8249)
   defining Unicode char U+203A (decimal 8250)
   defining Unicode char U+20AC (decimal 8364)
   defining Unicode char U+2126 (decimal 8486)
   defining Unicode char U+10144 (decimal 65860)
   defining Unicode char U+10145 (decimal 65861)
   defining Unicode char U+10146 (decimal 65862)
   defining Unicode char U+10147 (decimal 65863)
) (C:\Users\tsc\AppData\Local\Programs\MiKTeX\tex/latex/greek-fontenc\greek-fontenc.def
File: greek-fontenc.def 2023-09-12 2.5 Common Greek font encoding definitions
LaTeX Encoding Info:    Ignoring declaration for text command \accACUTE (encoding LGR) on input line 251.
LaTeX Encoding Info:    Ignoring declaration for text command \accGRAVE (encoding LGR) on input line 259.
LaTeX Encoding Info:    Ignoring declaration for text command \accTILDE (encoding LGR) on input line 267.
))
Package textgreek Info: Loaded fontmap: {eur/*/*}{U/eur/*/*} {phv/*/*}{U/psy/*/*}. on input line 69.
) (C:\Users\tsc\AppData\Local\Programs\MiKTeX\tex/latex/xfrac\xfrac.sty (C:\Users\tsc\AppData\Local\Programs\MiKTeX\tex/latex/amsmath\amstext.sty
Package: amstext 2024/11/17 v2.01 AMS text
 (C:\Users\tsc\AppData\Local\Programs\MiKTeX\tex/latex/amsmath\amsgen.sty
File: amsgen.sty 1999/11/30 v2.0 generic functions
\@emptytoks=\toks21
\ex@=\dimen162
)) (C:\Users\tsc\AppData\Local\Programs\MiKTeX\tex/latex/graphics\graphicx.sty
Package: graphicx 2024/12/31 v1.2e Enhanced LaTeX Graphics (DPC,SPQR)
 (C:\Users\tsc\AppData\Local\Programs\MiKTeX\tex/latex/graphics\graphics.sty
Package: graphics 2024/08/06 v1.4g Standard LaTeX Graphics (DPC,SPQR)
 (C:\Users\tsc\AppData\Local\Programs\MiKTeX\tex/latex/graphics\trig.sty
Package: trig 2023/12/02 v1.11 sin cos tan (DPC)
) (C:\Users\tsc\AppData\Local\Programs\MiKTeX\tex/latex/graphics-cfg\graphics.cfg
File: graphics.cfg 2016/06/04 v1.11 sample graphics configuration
)
Package graphics Info: Driver file: pdftex.def on input line 106.
 (C:\Users\tsc\AppData\Local\Programs\MiKTeX\tex/latex/graphics-def\pdftex.def
File: pdftex.def 2024/04/13 v1.2c Graphics/color driver for pdftex
))
\Gin@req@height=\dimen163
\Gin@req@width=\dimen164
)
Package: xfrac 2024-06-04 Split-level fractions
\l__xfrac_slash_box=\box62
\l__xfrac_tmp_box=\box63
\l__xfrac_denominator_bot_sep_dim=\dimen165
\l__xfrac_numerator_bot_sep_dim=\dimen166
\l__xfrac_numerator_top_sep_dim=\dimen167
\l__xfrac_slash_left_sep_dim=\dimen168
\l__xfrac_slash_right_sep_dim=\dimen169
\l__xfrac_slash_left_muskip=\muskip17
\l__xfrac_slash_right_muskip=\muskip18

LaTeX template Info: Declaring template type 'xfrac' taking 3 argument(s) on
(template)           line 100.


LaTeX template Info: Declaring instance 'cmr' of type xfrac on line 392.


LaTeX template Info: Declaring instance 'cmss' of type xfrac on line 392.


LaTeX template Info: Declaring instance 'cmtt' of type xfrac on line 392.

) (C:\Users\tsc\AppData\Local\Programs\MiKTeX\tex/latex/jknappen\mathrsfs.sty
Package: mathrsfs 1996/01/01 Math RSFS package v1.0 (jk)
\symrsfs=\mathgroup5
) (C:\Users\tsc\AppData\Local\Programs\MiKTeX\tex/latex/base\fontenc.sty
Package: fontenc 2024/12/21 v2.1c Standard LaTeX package
) (C:\Users\tsc\AppData\Local\Programs\MiKTeX\tex/latex/lm\lmodern.sty
Package: lmodern 2015/05/01 v1.6.1 Latin Modern Fonts
LaTeX Font Info:    Overwriting symbol font `operators' in version `normal'
(Font)                  OT1/cmr/m/n --> OT1/lmr/m/n on input line 22.
LaTeX Font Info:    Overwriting symbol font `letters' in version `normal'
(Font)                  OML/cmm/m/it --> OML/lmm/m/it on input line 23.
LaTeX Font Info:    Overwriting symbol font `symbols' in version `normal'
(Font)                  OMS/cmsy/m/n --> OMS/lmsy/m/n on input line 24.
LaTeX Font Info:    Overwriting symbol font `largesymbols' in version `normal'
(Font)                  OMX/cmex/m/n --> OMX/lmex/m/n on input line 25.
LaTeX Font Info:    Overwriting symbol font `operators' in version `bold'
(Font)                  OT1/cmr/bx/n --> OT1/lmr/bx/n on input line 26.
LaTeX Font Info:    Overwriting symbol font `letters' in version `bold'
(Font)                  OML/cmm/b/it --> OML/lmm/b/it on input line 27.
LaTeX Font Info:    Overwriting symbol font `symbols' in version `bold'
(Font)                  OMS/cmsy/b/n --> OMS/lmsy/b/n on input line 28.
LaTeX Font Info:    Overwriting symbol font `largesymbols' in version `bold'
(Font)                  OMX/cmex/m/n --> OMX/lmex/m/n on input line 29.
LaTeX Font Info:    Overwriting math alphabet `\mathbf' in version `normal'
(Font)                  OT1/cmr/bx/n --> OT1/lmr/bx/n on input line 31.
LaTeX Font Info:    Overwriting math alphabet `\mathsf' in version `normal'
(Font)                  OT1/cmss/m/n --> OT1/lmss/m/n on input line 32.
LaTeX Font Info:    Overwriting math alphabet `\mathit' in version `normal'
(Font)                  OT1/cmr/m/it --> OT1/lmr/m/it on input line 33.
LaTeX Font Info:    Overwriting math alphabet `\mathtt' in version `normal'
(Font)                  OT1/cmtt/m/n --> OT1/lmtt/m/n on input line 34.
LaTeX Font Info:    Overwriting math alphabet `\mathbf' in version `bold'
(Font)                  OT1/cmr/bx/n --> OT1/lmr/bx/n on input line 35.
LaTeX Font Info:    Overwriting math alphabet `\mathsf' in version `bold'
(Font)                  OT1/cmss/bx/n --> OT1/lmss/bx/n on input line 36.
LaTeX Font Info:    Overwriting math alphabet `\mathit' in version `bold'
(Font)                  OT1/cmr/bx/it --> OT1/lmr/bx/it on input line 37.
LaTeX Font Info:    Overwriting math alphabet `\mathtt' in version `bold'
(Font)                  OT1/cmtt/m/n --> OT1/lmtt/m/n on input line 38.
) (C:\Users\tsc\AppData\Local\Programs\MiKTeX\tex/generic/babel\babel.sty
Package: babel 2025/08/03 v25.12 The multilingual framework for LuaLaTeX, pdfLaTeX and XeLaTeX
\babel@savecnt=\count292
LaTeX Encoding Info:    Redeclaring text command \ij (encoding OT1) on input line 2045.
LaTeX Encoding Info:    Redeclaring text command \IJ (encoding OT1) on input line 2047.
LaTeX Encoding Info:    Redeclaring text command \ij (encoding T1) on input line 2049.
LaTeX Encoding Info:    Redeclaring text command \IJ (encoding T1) on input line 2050.
LaTeX Encoding Info:    Ignoring declaration for text command \ij (encoding ?) on input line 2051.
LaTeX Encoding Info:    Ignoring declaration for text command \IJ (encoding ?) on input line 2053.
LaTeX Encoding Info:    Ignoring declaration for text command \SS (encoding ?) on input line 2078.
\U@D=\dimen170
\l@unhyphenated=\language79
 (C:\Users\tsc\AppData\Local\Programs\MiKTeX\tex/generic/babel\txtbabel.def)
\bbl@readstream=\read2
\bbl@dirlevel=\count293

*************************************
* Local config file bblopts.cfg used
*
(C:\Users\tsc\AppData\Local\Programs\MiKTeX\tex/latex/arabi\bblopts.cfg
File: bblopts.cfg 2005/09/08 v0.1 add Arabic and Farsi to "declared" options of babel
) (C:\Users\tsc\AppData\Local\Programs\MiKTeX\tex/latex/babel-german\ngerman.ldf
Language: ngerman 2024/12/10 v2.15 German support for babel (post-1996 orthography)
 (C:\Users\tsc\AppData\Local\Programs\MiKTeX\tex/generic/babel/locale/de\babel-ngerman.tex
Package babel Info: Importing font and identification data for ngerman
(babel)             from babel-de.ini. Reported on input line 12.
) (C:\Users\tsc\AppData\Local\Programs\MiKTeX\tex/latex/babel-german\ngermanb.ldf
Language: ngermanb 2024/12/10 v2.15 German support for babel (post-1996 orthography)
Package babel Info: Making " an active character on input line 122.
))) (C:\Users\tsc\AppData\Local\Programs\MiKTeX\tex/latex/amsmath\amsmath.sty
Package: amsmath 2025/06/16 v2.17y AMS math features
\@mathmargin=\skip69

For additional information on amsmath, use the `?' option.
(C:\Users\tsc\AppData\Local\Programs\MiKTeX\tex/latex/amsmath\amsbsy.sty
Package: amsbsy 1999/11/29 v1.2d Bold Symbols
\pmbraise@=\dimen171
) (C:\Users\tsc\AppData\Local\Programs\MiKTeX\tex/latex/amsmath\amsopn.sty
Package: amsopn 2022/04/08 v2.04 operator names
)
\inf@bad=\count294
LaTeX Info: Redefining \frac on input line 233.
\uproot@=\count295
\leftroot@=\count296
LaTeX Info: Redefining \overline on input line 398.
LaTeX Info: Redefining \colon on input line 409.
\classnum@=\count297
\DOTSCASE@=\count298
LaTeX Info: Redefining \ldots on input line 495.
LaTeX Info: Redefining \dots on input line 498.
LaTeX Info: Redefining \cdots on input line 619.
\Mathstrutbox@=\box64
\strutbox@=\box65
LaTeX Info: Redefining \big on input line 721.
LaTeX Info: Redefining \Big on input line 722.
LaTeX Info: Redefining \bigg on input line 723.
LaTeX Info: Redefining \Bigg on input line 724.
\big@size=\dimen172
LaTeX Font Info:    Redeclaring font encoding OML on input line 742.
LaTeX Font Info:    Redeclaring font encoding OMS on input line 743.
\macc@depth=\count299
LaTeX Info: Redefining \bmod on input line 904.
LaTeX Info: Redefining \pmod on input line 909.
LaTeX Info: Redefining \smash on input line 939.
LaTeX Info: Redefining \relbar on input line 969.
LaTeX Info: Redefining \Relbar on input line 970.
\c@MaxMatrixCols=\count300
\dotsspace@=\muskip19
\c@parentequation=\count301
\dspbrk@lvl=\count302
\tag@help=\toks22
\row@=\count303
\column@=\count304
\maxfields@=\count305
\andhelp@=\toks23
\eqnshift@=\dimen173
\alignsep@=\dimen174
\tagshift@=\dimen175
\tagwidth@=\dimen176
\totwidth@=\dimen177
\lineht@=\dimen178
\@envbody=\toks24
\multlinegap=\skip70
\multlinetaggap=\skip71
\mathdisplay@stack=\toks25
LaTeX Info: Redefining \[ on input line 2949.
LaTeX Info: Redefining \] on input line 2950.
) (C:\Users\tsc\AppData\Local\Programs\MiKTeX\tex/latex/amsfonts\amssymb.sty
Package: amssymb 2013/01/14 v3.01 AMS font symbols
 (C:\Users\tsc\AppData\Local\Programs\MiKTeX\tex/latex/amsfonts\amsfonts.sty
Package: amsfonts 2013/01/14 v3.01 Basic AMSFonts support
\symAMSa=\mathgroup6
\symAMSb=\mathgroup7
LaTeX Font Info:    Redeclaring math symbol \hbar on input line 98.
LaTeX Font Info:    Overwriting math alphabet `\mathfrak' in version `bold'
(Font)                  U/euf/m/n --> U/euf/b/n on input line 106.
)) (C:\Users\tsc\AppData\Local\Programs\MiKTeX\tex/latex/tools\bm.sty
Package: bm 2023/12/19 v1.2f Bold Symbol Support (DPC/FMi)
\symboldoperators=\mathgroup8
\symboldletters=\mathgroup9
\symboldsymbols=\mathgroup10
Package bm Info: No bold for \OMX/lmex/m/n, using \pmb.
\symboldugrf@m=\mathgroup11
Package bm Info: No bold for \U/rsfs/m/n, using \pmb.
Package bm Info: No bold for \U/msa/m/n, using \pmb.
Package bm Info: No bold for \U/msb/m/n, using \pmb.
LaTeX Font Info:    Redeclaring math alphabet \mathbf on input line 149.
) (C:\Users\tsc\AppData\Local\Programs\MiKTeX\tex/latex/blindtext\blindtext.sty
Package: blindtext 2012/01/06 V2.0 blindtext-Package
 (C:\Users\tsc\AppData\Local\Programs\MiKTeX\tex/latex/tools\xspace.sty
Package: xspace 2014/10/28 v1.13 Space after command names (DPC,MH)
)
\c@blindtext=\count306
\c@Blindtext=\count307
\c@blind@countparstart=\count308
\blind@countxx=\count309
\blindtext@numBlindtext=\count310
\blind@countyy=\count311
\c@blindlist=\count312
\c@blindlistlevel=\count313
\c@blindlist@level=\count314
\blind@listitem=\count315
\c@blind@listcount=\count316
\c@blind@levelcount=\count317
\blind@mathformula=\count318
\blind@Mathformula=\count319
\c@blind@randomcount=\count320
\c@blind@randommax=\count321
\c@blind@pangramcount=\count322
\c@blind@pangrammax=\count323
) (C:\Users\tsc\AppData\Local\Programs\MiKTeX\tex/latex/cases\cases.sty
Package: cases 2020/03/29 ver 3.2
\numc@numwid=\dimen179
) (C:\Users\tsc\AppData\Local\Programs\MiKTeX\tex/latex/graphics\color.sty
Package: color 2025/01/14 v1.3e Standard LaTeX Color (DPC)
 (C:\Users\tsc\AppData\Local\Programs\MiKTeX\tex/latex/graphics-cfg\color.cfg
File: color.cfg 2016/01/02 v1.6 sample color configuration
)
Package color Info: Driver file: pdftex.def on input line 149.
 (C:\Users\tsc\AppData\Local\Programs\MiKTeX\tex/latex/graphics\mathcolor.ltx)) (C:\Users\tsc\AppData\Local\Programs\MiKTeX\tex/latex/placeins\placeins.sty
Package: placeins 2005/04/18  v 2.2
) (C:\Users\tsc\AppData\Local\Programs\MiKTeX\tex/latex/hyperref\hyperref.sty
Package: hyperref 2025-07-12 v7.01o Hypertext links for LaTeX
 (C:\Users\tsc\AppData\Local\Programs\MiKTeX\tex/generic/iftex\iftex.sty
Package: iftex 2024/12/12 v1.0g TeX engine tests
) (C:\Users\tsc\AppData\Local\Programs\MiKTeX\tex/latex/kvsetkeys\kvsetkeys.sty
Package: kvsetkeys 2022-10-05 v1.19 Key value parser (HO)
) (C:\Users\tsc\AppData\Local\Programs\MiKTeX\tex/generic/kvdefinekeys\kvdefinekeys.sty
Package: kvdefinekeys 2019-12-19 v1.6 Define keys (HO)
) (C:\Users\tsc\AppData\Local\Programs\MiKTeX\tex/generic/pdfescape\pdfescape.sty
Package: pdfescape 2019/12/09 v1.15 Implements pdfTeX's escape features (HO)
 (C:\Users\tsc\AppData\Local\Programs\MiKTeX\tex/generic/ltxcmds\ltxcmds.sty
Package: ltxcmds 2023-12-04 v1.26 LaTeX kernel commands for general use (HO)
) (C:\Users\tsc\AppData\Local\Programs\MiKTeX\tex/generic/pdftexcmds\pdftexcmds.sty
Package: pdftexcmds 2020-06-27 v0.33 Utility functions of pdfTeX for LuaTeX (HO)
 (C:\Users\tsc\AppData\Local\Programs\MiKTeX\tex/generic/infwarerr\infwarerr.sty
Package: infwarerr 2019/12/03 v1.5 Providing info/warning/error messages (HO)
)
Package pdftexcmds Info: \pdf@primitive is available.
Package pdftexcmds Info: \pdf@ifprimitive is available.
Package pdftexcmds Info: \pdfdraftmode found.
)) (C:\Users\tsc\AppData\Local\Programs\MiKTeX\tex/latex/hycolor\hycolor.sty
Package: hycolor 2020-01-27 v1.10 Color options for hyperref/bookmark (HO)
) (C:\Users\tsc\AppData\Local\Programs\MiKTeX\tex/latex/hyperref\nameref.sty
Package: nameref 2025-06-21 v2.57 Cross-referencing by name of section
 (C:\Users\tsc\AppData\Local\Programs\MiKTeX\tex/latex/refcount\refcount.sty
Package: refcount 2019/12/15 v3.6 Data extraction from label references (HO)
) (C:\Users\tsc\AppData\Local\Programs\MiKTeX\tex/generic/gettitlestring\gettitlestring.sty
Package: gettitlestring 2019/12/15 v1.6 Cleanup title references (HO)
 (C:\Users\tsc\AppData\Local\Programs\MiKTeX\tex/latex/kvoptions\kvoptions.sty
Package: kvoptions 2022-06-15 v3.15 Key value format for package options (HO)
))
\c@section@level=\count324
) (C:\Users\tsc\AppData\Local\Programs\MiKTeX\tex/latex/etoolbox\etoolbox.sty
Package: etoolbox 2025/02/11 v2.5l e-TeX tools for LaTeX (JAW)
\etb@tempcnta=\count325
) (C:\Users\tsc\AppData\Local\Programs\MiKTeX\tex/generic/stringenc\stringenc.sty
Package: stringenc 2019/11/29 v1.12 Convert strings between diff. encodings (HO)
)
\@linkdim=\dimen180
\Hy@linkcounter=\count326
\Hy@pagecounter=\count327
 (C:\Users\tsc\AppData\Local\Programs\MiKTeX\tex/latex/hyperref\pd1enc.def
File: pd1enc.def 2025-07-12 v7.01o Hyperref: PDFDocEncoding definition (HO)
Now handling font encoding PD1 ...
... no UTF-8 mapping file for font encoding PD1
) (C:\Users\tsc\AppData\Local\Programs\MiKTeX\tex/generic/intcalc\intcalc.sty
Package: intcalc 2019/12/15 v1.3 Expandable calculations with integers (HO)
)
\Hy@SavedSpaceFactor=\count328
 (C:\Users\tsc\AppData\Local\Programs\MiKTeX\tex/latex/hyperref\puenc.def
File: puenc.def 2025-07-12 v7.01o Hyperref: PDF Unicode definition (HO)
Now handling font encoding PU ...
... no UTF-8 mapping file for font encoding PU
 (C:\Users\tsc\AppData\Local\Programs\MiKTeX\tex/latex/greek-fontenc\puenc-greek.def
File: puenc-greek.def 2023-09-12 2.5 Greek LICRs for PDF strings
 (C:\Users\tsc\AppData\Local\Programs\MiKTeX\tex/latex/greek-fontenc\greek-fontenc.def
File: greek-fontenc.def 2023-09-12 2.5 Common Greek font encoding definitions
)
LaTeX Encoding Info:    Redeclaring text command \textmu (encoding PU) on input line 179.
)
LaTeX Encoding Info:    Redeclaring text command \textohm (encoding PU) on input line 1176.
)
Package hyperref Info: Option `bookmarks' set `true' on input line 4066.
Package hyperref Info: Option `bookmarksopen' set `true' on input line 4066.
Package hyperref Info: Hyper figures OFF on input line 4195.
Package hyperref Info: Link nesting OFF on input line 4200.
Package hyperref Info: Hyper index ON on input line 4203.
Package hyperref Info: Plain pages OFF on input line 4210.
Package hyperref Info: Backreferencing OFF on input line 4215.
Package hyperref Info: Implicit mode ON; LaTeX internals redefined.
Package hyperref Info: Bookmarks ON on input line 4462.
\c@Hy@tempcnt=\count329
 (C:\Users\tsc\AppData\Local\Programs\MiKTeX\tex/latex/url\url.sty
\Urlmuskip=\muskip20
Package: url 2013/09/16  ver 3.4  Verb mode for urls, etc.
)
LaTeX Info: Redefining \url on input line 4801.
\XeTeXLinkMargin=\dimen181
 (C:\Users\tsc\AppData\Local\Programs\MiKTeX\tex/generic/bitset\bitset.sty
Package: bitset 2019/12/09 v1.3 Handle bit-vector datatype (HO)
 (C:\Users\tsc\AppData\Local\Programs\MiKTeX\tex/generic/bigintcalc\bigintcalc.sty
Package: bigintcalc 2019/12/15 v1.5 Expandable calculations on big integers (HO)
))
\Fld@menulength=\count330
\Field@Width=\dimen182
\Fld@charsize=\dimen183
Package hyperref Info: Hyper figures OFF on input line 6078.
Package hyperref Info: Link nesting OFF on input line 6083.
Package hyperref Info: Hyper index ON on input line 6086.
Package hyperref Info: backreferencing OFF on input line 6093.
Package hyperref Info: Link coloring OFF on input line 6098.
Package hyperref Info: Link coloring with OCG OFF on input line 6103.
Package hyperref Info: PDF/A mode OFF on input line 6108.
\Hy@abspage=\count331
\c@Item=\count332
\c@Hfootnote=\count333
)
Package hyperref Info: Driver (autodetected): hpdftex.
 (C:\Users\tsc\AppData\Local\Programs\MiKTeX\tex/latex/hyperref\hpdftex.def
File: hpdftex.def 2025-07-12 v7.01o Hyperref driver for pdfTeX
\Fld@listcount=\count334
\c@bookmark@seq@number=\count335
 (C:\Users\tsc\AppData\Local\Programs\MiKTeX\tex/latex/rerunfilecheck\rerunfilecheck.sty
Package: rerunfilecheck 2025-06-21 v1.11 Rerun checks for auxiliary files (HO)
 (C:\Users\tsc\AppData\Local\Programs\MiKTeX\tex/generic/uniquecounter\uniquecounter.sty
Package: uniquecounter 2019/12/15 v1.4 Provide unlimited unique counter (HO)
)
Package uniquecounter Info: New unique counter `rerunfilecheck' on input line 284.
)
\Hy@SectionHShift=\skip72
)
\figurewidth=\skip73
 (C:\Users\tsc\AppData\Local\Programs\MiKTeX\tex/latex/psfrag\psfrag.sty
Package: psfrag 1998/04/11 v3.04 PSfrag (MCG)
\pfg@pcount=\count336
\pfg@scount=\count337
\pfg@temp=\write3
) (C:\Users\tsc\AppData\Local\Programs\MiKTeX\tex/latex/pstool\pstool.sty
Package: pstool 2018/01/20 v1.5e Wrapper for processing PostScript/psfrag figures
 (C:\Users\tsc\AppData\Local\Programs\MiKTeX\tex/generic/catchfile\catchfile.sty
Package: catchfile 2019/12/09 v1.8 Catch the contents of a file (HO)
 (C:\Users\tsc\AppData\Local\Programs\MiKTeX\tex/generic/etexcmds\etexcmds.sty
Package: etexcmds 2019/12/15 v1.7 Avoid name clashes with e-TeX commands (HO)
)) (C:\Users\tsc\AppData\Local\Programs\MiKTeX\tex/generic/iftex\ifpdf.sty
Package: ifpdf 2019/10/25 v3.4 ifpdf legacy package. Use iftex instead.
) (C:\Users\tsc\AppData\Local\Programs\MiKTeX\tex/latex/ifplatform\ifplatform.sty
Package: ifplatform 2017/10/13 v0.4a Testing for the operating system
 (C:\Users\tsc\AppData\Local\Programs\MiKTeX\tex/latex/tools\shellesc.sty
Package: shellesc 2023/07/08 v1.0d unified shell escape interface for LaTeX
Package shellesc Info: Restricted shell escape enabled on input line 77.
) (C:\Users\tsc\AppData\Local\Programs\MiKTeX\tex/generic/iftex\ifluatex.sty
Package: ifluatex 2019/10/25 v1.5 ifluatex legacy package. Use iftex instead.
)

Package ifplatform Warning: 
    shell escape is disabled, so I can only detect \ifwindows.

) (C:\Users\tsc\AppData\Local\Programs\MiKTeX\tex/latex/filemod\filemod.sty
Package: filemod 2011/09/19 v1.2 Get and compare file modification times
 (C:\Users\tsc\AppData\Local\Programs\MiKTeX\tex/latex/filemod\filemod-expmin.sty
Package: filemod-expmin 2011/09/19 v1.2 Get and compare file modification times (expandable; minimal)
)) (C:\Users\tsc\AppData\Local\Programs\MiKTeX\tex/latex/bigfoot\suffix.sty
Package: suffix 2006/07/15 1.5a Variant command support
) (C:\Users\tsc\AppData\Local\Programs\MiKTeX\tex/latex/trimspaces\trimspaces.sty
Package: trimspaces 2009/09/17 v1.1 Trim spaces around a token list
) (C:\Users\tsc\AppData\Local\Programs\MiKTeX\tex/latex/xkeyval\xkeyval.sty
Package: xkeyval 2022/06/16 v2.9 package option processing (HA)
 (C:\Users\tsc\AppData\Local\Programs\MiKTeX\tex/generic/xkeyval\xkeyval.tex (C:\Users\tsc\AppData\Local\Programs\MiKTeX\tex/generic/xkeyval\xkvutils.tex
\XKV@toks=\toks26
\XKV@tempa@toks=\toks27
)
\XKV@depth=\count338
File: xkeyval.tex 2014/12/03 v2.7a key=value parser (HA)
)) (C:\Users\tsc\AppData\Local\Programs\MiKTeX\tex/latex/l3kernel\expl3.sty
Package: expl3 2025-09-02 L3 programming layer (loader) 
 (C:\Users\tsc\AppData\Local\Programs\MiKTeX\tex/latex/l3backend\l3backend-pdftex.def
File: l3backend-pdftex.def 2025-06-09 L3 backend support: PDF output (pdfTeX)
\l__color_backend_stack_int=\count339
))
\pstool@out=\write4
\pstool@mainfile@ior=\read3
\pstool@auxfile@ior=\read4


Package pstool Warning: 
  Package option [process=none] activated
  because -shell-escape is not enabled.
This warning occurred on input line 163.

runsystem(cd ""& copy "diss.aux" "diss.oldaux" )...disabled (restricted).

) (C:\Users\tsc\AppData\Local\Programs\MiKTeX\tex/latex/booktabs\booktabs.sty
Package: booktabs 2020/01/12 v1.61803398 Publication quality tables
\heavyrulewidth=\dimen184
\lightrulewidth=\dimen185
\cmidrulewidth=\dimen186
\belowrulesep=\dimen187
\belowbottomsep=\dimen188
\aboverulesep=\dimen189
\abovetopsep=\dimen190
\cmidrulesep=\dimen191
\cmidrulekern=\dimen192
\defaultaddspace=\dimen193
\@cmidla=\count340
\@cmidlb=\count341
\@aboverulesep=\dimen194
\@belowrulesep=\dimen195
\@thisruleclass=\count342
\@lastruleclass=\count343
\@thisrulewidth=\dimen196
) (C:\Users\tsc\AppData\Local\Programs\MiKTeX\tex/latex/svg\svg.sty
Package: svg 2020/11/26 v2.02k (include SVG pictures)
\c@svg@param@lastpage=\count344
\svg@box=\box66
\c@svg@param@currpage=\count345
) (C:\Users\tsc\AppData\Local\Programs\MiKTeX\tex/latex/xcolor\xcolor.sty
Package: xcolor 2024/09/29 v3.02 LaTeX color extensions (UK)
 (C:\Users\tsc\AppData\Local\Programs\MiKTeX\tex/latex/graphics-cfg\color.cfg
File: color.cfg 2016/01/02 v1.6 sample color configuration
)
Package xcolor Info: Driver file: pdftex.def on input line 274.
LaTeX Info: Redefining \color on input line 762.
 (C:\Users\tsc\AppData\Local\Programs\MiKTeX\tex/latex/graphics\mathcolor.ltx)
Package xcolor Info: Model `cmy' substituted by `cmy0' on input line 1349.
Package xcolor Info: Model `hsb' substituted by `rgb' on input line 1353.
Package xcolor Info: Model `RGB' extended on input line 1365.
Package xcolor Info: Model `HTML' substituted by `rgb' on input line 1367.
Package xcolor Info: Model `Hsb' substituted by `hsb' on input line 1368.
Package xcolor Info: Model `tHsb' substituted by `hsb' on input line 1369.
Package xcolor Info: Model `HSB' substituted by `hsb' on input line 1370.
Package xcolor Info: Model `Gray' substituted by `gray' on input line 1371.
Package xcolor Info: Model `wave' substituted by `hsb' on input line 1372.
) (C:\Users\tsc\AppData\Local\Programs\MiKTeX\tex/latex/pgfplots\pgfplots.sty (C:\Users\tsc\AppData\Local\Programs\MiKTeX\tex/generic/pgfplots\pgfplots.revision.tex)
Package: pgfplots 2021/05/15 v1.18.1 Data Visualization (1.18.1)
 (C:\Users\tsc\AppData\Local\Programs\MiKTeX\tex/latex/pgf/frontendlayer\tikz.sty (C:\Users\tsc\AppData\Local\Programs\MiKTeX\tex/latex/pgf/basiclayer\pgf.sty (C:\Users\tsc\AppData\Local\Programs\MiKTeX\tex/latex/pgf/utilities\pgfrcs.sty (C:\Users\tsc\AppData\Local\Programs\MiKTeX\tex/generic/pgf/utilities\pgfutil-common.tex
\pgfutil@everybye=\toks28
\pgfutil@tempdima=\dimen197
\pgfutil@tempdimb=\dimen198
) (C:\Users\tsc\AppData\Local\Programs\MiKTeX\tex/generic/pgf/utilities\pgfutil-latex.def
\pgfutil@abb=\box67
) (C:\Users\tsc\AppData\Local\Programs\MiKTeX\tex/generic/pgf/utilities\pgfrcs.code.tex (C:\Users\tsc\AppData\Local\Programs\MiKTeX\tex/generic/pgf\pgf.revision.tex)
Package: pgfrcs 2025-08-29 v3.1.11a (3.1.11a)
))
Package: pgf 2025-08-29 v3.1.11a (3.1.11a)
 (C:\Users\tsc\AppData\Local\Programs\MiKTeX\tex/latex/pgf/basiclayer\pgfcore.sty (C:\Users\tsc\AppData\Local\Programs\MiKTeX\tex/latex/pgf/systemlayer\pgfsys.sty (C:\Users\tsc\AppData\Local\Programs\MiKTeX\tex/generic/pgf/systemlayer\pgfsys.code.tex
Package: pgfsys 2025-08-29 v3.1.11a (3.1.11a)
 (C:\Users\tsc\AppData\Local\Programs\MiKTeX\tex/generic/pgf/utilities\pgfkeys.code.tex
\pgfkeys@pathtoks=\toks29
\pgfkeys@temptoks=\toks30
 (C:\Users\tsc\AppData\Local\Programs\MiKTeX\tex/generic/pgf/utilities\pgfkeyslibraryfiltered.code.tex
\pgfkeys@tmptoks=\toks31
))
\pgf@x=\dimen199
\pgf@y=\dimen256
\pgf@xa=\dimen257
\pgf@ya=\dimen258
\pgf@xb=\dimen259
\pgf@yb=\dimen260
\pgf@xc=\dimen261
\pgf@yc=\dimen262
\pgf@xd=\dimen263
\pgf@yd=\dimen264
\w@pgf@writea=\write5
\r@pgf@reada=\read5
\c@pgf@counta=\count346
\c@pgf@countb=\count347
\c@pgf@countc=\count348
\c@pgf@countd=\count349
\t@pgf@toka=\toks32
\t@pgf@tokb=\toks33
\t@pgf@tokc=\toks34
\pgf@sys@id@count=\count350
 (C:\Users\tsc\AppData\Local\Programs\MiKTeX\tex/generic/pgf/systemlayer\pgf.cfg
File: pgf.cfg 2025-08-29 v3.1.11a (3.1.11a)
)
Driver file for pgf: pgfsys-pdftex.def
 (C:\Users\tsc\AppData\Local\Programs\MiKTeX\tex/generic/pgf/systemlayer\pgfsys-pdftex.def
File: pgfsys-pdftex.def 2025-08-29 v3.1.11a (3.1.11a)
 (C:\Users\tsc\AppData\Local\Programs\MiKTeX\tex/generic/pgf/systemlayer\pgfsys-common-pdf.def
File: pgfsys-common-pdf.def 2025-08-29 v3.1.11a (3.1.11a)
))) (C:\Users\tsc\AppData\Local\Programs\MiKTeX\tex/generic/pgf/systemlayer\pgfsyssoftpath.code.tex
File: pgfsyssoftpath.code.tex 2025-08-29 v3.1.11a (3.1.11a)
\pgfsyssoftpath@smallbuffer@items=\count351
\pgfsyssoftpath@bigbuffer@items=\count352
) (C:\Users\tsc\AppData\Local\Programs\MiKTeX\tex/generic/pgf/systemlayer\pgfsysprotocol.code.tex
File: pgfsysprotocol.code.tex 2025-08-29 v3.1.11a (3.1.11a)
)) (C:\Users\tsc\AppData\Local\Programs\MiKTeX\tex/generic/pgf/basiclayer\pgfcore.code.tex
Package: pgfcore 2025-08-29 v3.1.11a (3.1.11a)
 (C:\Users\tsc\AppData\Local\Programs\MiKTeX\tex/generic/pgf/math\pgfmath.code.tex (C:\Users\tsc\AppData\Local\Programs\MiKTeX\tex/generic/pgf/math\pgfmathutil.code.tex) (C:\Users\tsc\AppData\Local\Programs\MiKTeX\tex/generic/pgf/math\pgfmathparser.code.tex
\pgfmath@dimen=\dimen265
\pgfmath@count=\count353
\pgfmath@box=\box68
\pgfmath@toks=\toks35
\pgfmath@stack@operand=\toks36
\pgfmath@stack@operation=\toks37
) (C:\Users\tsc\AppData\Local\Programs\MiKTeX\tex/generic/pgf/math\pgfmathfunctions.code.tex) (C:\Users\tsc\AppData\Local\Programs\MiKTeX\tex/generic/pgf/math\pgfmathfunctions.basic.code.tex) (C:\Users\tsc\AppData\Local\Programs\MiKTeX\tex/generic/pgf/math\pgfmathfunctions.trigonometric.code.tex) (C:\Users\tsc\AppData\Local\Programs\MiKTeX\tex/generic/pgf/math\pgfmathfunctions.random.code.tex) (C:\Users\tsc\AppData\Local\Programs\MiKTeX\tex/generic/pgf/math\pgfmathfunctions.comparison.code.tex) (C:\Users\tsc\AppData\Local\Programs\MiKTeX\tex/generic/pgf/math\pgfmathfunctions.base.code.tex) (C:\Users\tsc\AppData\Local\Programs\MiKTeX\tex/generic/pgf/math\pgfmathfunctions.round.code.tex) (C:\Users\tsc\AppData\Local\Programs\MiKTeX\tex/generic/pgf/math\pgfmathfunctions.misc.code.tex) (C:\Users\tsc\AppData\Local\Programs\MiKTeX\tex/generic/pgf/math\pgfmathfunctions.integerarithmetics.code.tex) (C:\Users\tsc\AppData\Local\Programs\MiKTeX\tex/generic/pgf/math\pgfmathcalc.code.tex) (C:\Users\tsc\AppData\Local\Programs\MiKTeX\tex/generic/pgf/math\pgfmathfloat.code.tex
\c@pgfmathroundto@lastzeros=\count354
)) (C:\Users\tsc\AppData\Local\Programs\MiKTeX\tex/generic/pgf/math\pgfint.code.tex) (C:\Users\tsc\AppData\Local\Programs\MiKTeX\tex/generic/pgf/basiclayer\pgfcorepoints.code.tex
File: pgfcorepoints.code.tex 2025-08-29 v3.1.11a (3.1.11a)
\pgf@picminx=\dimen266
\pgf@picmaxx=\dimen267
\pgf@picminy=\dimen268
\pgf@picmaxy=\dimen269
\pgf@pathminx=\dimen270
\pgf@pathmaxx=\dimen271
\pgf@pathminy=\dimen272
\pgf@pathmaxy=\dimen273
\pgf@xx=\dimen274
\pgf@xy=\dimen275
\pgf@yx=\dimen276
\pgf@yy=\dimen277
\pgf@zx=\dimen278
\pgf@zy=\dimen279
) (C:\Users\tsc\AppData\Local\Programs\MiKTeX\tex/generic/pgf/basiclayer\pgfcorepathconstruct.code.tex
File: pgfcorepathconstruct.code.tex 2025-08-29 v3.1.11a (3.1.11a)
\pgf@path@lastx=\dimen280
\pgf@path@lasty=\dimen281
) (C:\Users\tsc\AppData\Local\Programs\MiKTeX\tex/generic/pgf/basiclayer\pgfcorepathusage.code.tex
File: pgfcorepathusage.code.tex 2025-08-29 v3.1.11a (3.1.11a)
\pgf@shorten@end@additional=\dimen282
\pgf@shorten@start@additional=\dimen283
) (C:\Users\tsc\AppData\Local\Programs\MiKTeX\tex/generic/pgf/basiclayer\pgfcorescopes.code.tex
File: pgfcorescopes.code.tex 2025-08-29 v3.1.11a (3.1.11a)
\pgfpic=\box69
\pgf@hbox=\box70
\pgf@layerbox@main=\box71
\pgf@picture@serial@count=\count355
) (C:\Users\tsc\AppData\Local\Programs\MiKTeX\tex/generic/pgf/basiclayer\pgfcoregraphicstate.code.tex
File: pgfcoregraphicstate.code.tex 2025-08-29 v3.1.11a (3.1.11a)
\pgflinewidth=\dimen284
) (C:\Users\tsc\AppData\Local\Programs\MiKTeX\tex/generic/pgf/basiclayer\pgfcoretransformations.code.tex
File: pgfcoretransformations.code.tex 2025-08-29 v3.1.11a (3.1.11a)
\pgf@pt@x=\dimen285
\pgf@pt@y=\dimen286
\pgf@pt@temp=\dimen287
) (C:\Users\tsc\AppData\Local\Programs\MiKTeX\tex/generic/pgf/basiclayer\pgfcorequick.code.tex
File: pgfcorequick.code.tex 2025-08-29 v3.1.11a (3.1.11a)
) (C:\Users\tsc\AppData\Local\Programs\MiKTeX\tex/generic/pgf/basiclayer\pgfcoreobjects.code.tex
File: pgfcoreobjects.code.tex 2025-08-29 v3.1.11a (3.1.11a)
) (C:\Users\tsc\AppData\Local\Programs\MiKTeX\tex/generic/pgf/basiclayer\pgfcorepathprocessing.code.tex
File: pgfcorepathprocessing.code.tex 2025-08-29 v3.1.11a (3.1.11a)
) (C:\Users\tsc\AppData\Local\Programs\MiKTeX\tex/generic/pgf/basiclayer\pgfcorearrows.code.tex
File: pgfcorearrows.code.tex 2025-08-29 v3.1.11a (3.1.11a)
\pgfarrowsep=\dimen288
) (C:\Users\tsc\AppData\Local\Programs\MiKTeX\tex/generic/pgf/basiclayer\pgfcoreshade.code.tex
File: pgfcoreshade.code.tex 2025-08-29 v3.1.11a (3.1.11a)
\pgf@max=\dimen289
\pgf@sys@shading@range@num=\count356
\pgf@shadingcount=\count357
) (C:\Users\tsc\AppData\Local\Programs\MiKTeX\tex/generic/pgf/basiclayer\pgfcoreimage.code.tex
File: pgfcoreimage.code.tex 2025-08-29 v3.1.11a (3.1.11a)
) (C:\Users\tsc\AppData\Local\Programs\MiKTeX\tex/generic/pgf/basiclayer\pgfcoreexternal.code.tex
File: pgfcoreexternal.code.tex 2025-08-29 v3.1.11a (3.1.11a)
\pgfexternal@startupbox=\box72
) (C:\Users\tsc\AppData\Local\Programs\MiKTeX\tex/generic/pgf/basiclayer\pgfcorelayers.code.tex
File: pgfcorelayers.code.tex 2025-08-29 v3.1.11a (3.1.11a)
) (C:\Users\tsc\AppData\Local\Programs\MiKTeX\tex/generic/pgf/basiclayer\pgfcoretransparency.code.tex
File: pgfcoretransparency.code.tex 2025-08-29 v3.1.11a (3.1.11a)
) (C:\Users\tsc\AppData\Local\Programs\MiKTeX\tex/generic/pgf/basiclayer\pgfcorepatterns.code.tex
File: pgfcorepatterns.code.tex 2025-08-29 v3.1.11a (3.1.11a)
) (C:\Users\tsc\AppData\Local\Programs\MiKTeX\tex/generic/pgf/basiclayer\pgfcorerdf.code.tex
File: pgfcorerdf.code.tex 2025-08-29 v3.1.11a (3.1.11a)
))) (C:\Users\tsc\AppData\Local\Programs\MiKTeX\tex/generic/pgf/modules\pgfmoduleshapes.code.tex
File: pgfmoduleshapes.code.tex 2025-08-29 v3.1.11a (3.1.11a)
\pgfnodeparttextbox=\box73
) (C:\Users\tsc\AppData\Local\Programs\MiKTeX\tex/generic/pgf/modules\pgfmoduleplot.code.tex
File: pgfmoduleplot.code.tex 2025-08-29 v3.1.11a (3.1.11a)
) (C:\Users\tsc\AppData\Local\Programs\MiKTeX\tex/latex/pgf/compatibility\pgfcomp-version-0-65.sty
Package: pgfcomp-version-0-65 2025-08-29 v3.1.11a (3.1.11a)
\pgf@nodesepstart=\dimen290
\pgf@nodesepend=\dimen291
) (C:\Users\tsc\AppData\Local\Programs\MiKTeX\tex/latex/pgf/compatibility\pgfcomp-version-1-18.sty
Package: pgfcomp-version-1-18 2025-08-29 v3.1.11a (3.1.11a)
)) (C:\Users\tsc\AppData\Local\Programs\MiKTeX\tex/latex/pgf/utilities\pgffor.sty (C:\Users\tsc\AppData\Local\Programs\MiKTeX\tex/latex/pgf/utilities\pgfkeys.sty (C:\Users\tsc\AppData\Local\Programs\MiKTeX\tex/generic/pgf/utilities\pgfkeys.code.tex)) (C:\Users\tsc\AppData\Local\Programs\MiKTeX\tex/latex/pgf/math\pgfmath.sty (C:\Users\tsc\AppData\Local\Programs\MiKTeX\tex/generic/pgf/math\pgfmath.code.tex)) (C:\Users\tsc\AppData\Local\Programs\MiKTeX\tex/generic/pgf/utilities\pgffor.code.tex
Package: pgffor 2025-08-29 v3.1.11a (3.1.11a)
\pgffor@iter=\dimen292
\pgffor@skip=\dimen293
\pgffor@stack=\toks38
\pgffor@toks=\toks39
)) (C:\Users\tsc\AppData\Local\Programs\MiKTeX\tex/generic/pgf/frontendlayer/tikz\tikz.code.tex
Package: tikz 2025-08-29 v3.1.11a (3.1.11a)
 (C:\Users\tsc\AppData\Local\Programs\MiKTeX\tex/generic/pgf/libraries\pgflibraryplothandlers.code.tex
File: pgflibraryplothandlers.code.tex 2025-08-29 v3.1.11a (3.1.11a)
\pgf@plot@mark@count=\count358
\pgfplotmarksize=\dimen294
)
\tikz@lastx=\dimen295
\tikz@lasty=\dimen296
\tikz@lastxsaved=\dimen297
\tikz@lastysaved=\dimen298
\tikz@lastmovetox=\dimen299
\tikz@lastmovetoy=\dimen300
\tikzleveldistance=\dimen301
\tikzsiblingdistance=\dimen302
\tikz@figbox=\box74
\tikz@figbox@bg=\box75
\tikz@tempbox=\box76
\tikz@tempbox@bg=\box77
\tikztreelevel=\count359
\tikznumberofchildren=\count360
\tikznumberofcurrentchild=\count361
\tikz@fig@count=\count362
 (C:\Users\tsc\AppData\Local\Programs\MiKTeX\tex/generic/pgf/modules\pgfmodulematrix.code.tex
File: pgfmodulematrix.code.tex 2025-08-29 v3.1.11a (3.1.11a)
\pgfmatrixcurrentrow=\count363
\pgfmatrixcurrentcolumn=\count364
\pgf@matrix@numberofcolumns=\count365
)
\tikz@expandcount=\count366
 (C:\Users\tsc\AppData\Local\Programs\MiKTeX\tex/generic/pgf/frontendlayer/tikz/libraries\tikzlibrarytopaths.code.tex
File: tikzlibrarytopaths.code.tex 2025-08-29 v3.1.11a (3.1.11a)
))) (C:\Users\tsc\AppData\Local\Programs\MiKTeX\tex/generic/pgfplots\pgfplots.code.tex (C:\Users\tsc\AppData\Local\Programs\MiKTeX\tex/generic/pgfplots\pgfplotscore.code.tex
\t@pgfplots@toka=\toks40
\t@pgfplots@tokb=\toks41
\t@pgfplots@tokc=\toks42
\pgfplots@tmpa=\dimen303
\c@pgfplots@coordindex=\count367
\c@pgfplots@scanlineindex=\count368
 (C:\Users\tsc\AppData\Local\Programs\MiKTeX\tex/generic/pgfplots/sys\pgfplotssysgeneric.code.tex)) (C:\Users\tsc\AppData\Local\Programs\MiKTeX\tex/generic/pgfplots/libs\pgfplotslibrary.code.tex) (C:\Users\tsc\AppData\Local\Programs\MiKTeX\tex/generic/pgfplots/oldpgfcompatib\pgfplotsoldpgfsupp_loader.code.tex (C:\Users\tsc\AppData\Local\Programs\MiKTeX\tex/generic/pgf/libraries\pgflibraryfpu.code.tex)
Package pgfplots: loading complementary utilities for your pgf version...
\t@pgf@toka=\toks43
\t@pgf@tokb=\toks44
\t@pgf@tokc=\toks45
(C:\Users\tsc\AppData\Local\Programs\MiKTeX\tex/generic/pgfplots/oldpgfcompatib\pgfplotsoldpgfsupp_pgfutil-common-lists.tex)) (C:\Users\tsc\AppData\Local\Programs\MiKTeX\tex/generic/pgfplots/util\pgfplotsutil.code.tex (C:\Users\tsc\AppData\Local\Programs\MiKTeX\tex/generic/pgfplots/liststructure\pgfplotsliststructure.code.tex) (C:\Users\tsc\AppData\Local\Programs\MiKTeX\tex/generic/pgfplots/liststructure\pgfplotsliststructureext.code.tex) (C:\Users\tsc\AppData\Local\Programs\MiKTeX\tex/generic/pgfplots/liststructure\pgfplotsarray.code.tex
\c@pgfplotsarray@tmp=\count369
) (C:\Users\tsc\AppData\Local\Programs\MiKTeX\tex/generic/pgfplots/liststructure\pgfplotsmatrix.code.tex) (C:\Users\tsc\AppData\Local\Programs\MiKTeX\tex/generic/pgfplots/numtable\pgfplotstableshared.code.tex
\c@pgfplotstable@counta=\count370
\t@pgfplotstable@a=\toks46
) (C:\Users\tsc\AppData\Local\Programs\MiKTeX\tex/generic/pgfplots/liststructure\pgfplotsdeque.code.tex) (C:\Users\tsc\AppData\Local\Programs\MiKTeX\tex/generic/pgfplots/util\pgfplotsbinary.code.tex (C:\Users\tsc\AppData\Local\Programs\MiKTeX\tex/generic/pgfplots/util\pgfplotsbinary.data.code.tex)) (C:\Users\tsc\AppData\Local\Programs\MiKTeX\tex/generic/pgfplots/util\pgfplotsutil.verb.code.tex) (C:\Users\tsc\AppData\Local\Programs\MiKTeX\tex/generic/pgfplots/libs\pgflibrarypgfplots.surfshading.code.tex
\c@pgfplotslibrarysurf@no=\count371
 (C:\Users\tsc\AppData\Local\Programs\MiKTeX\tex/generic/pgfplots/sys\pgflibrarypgfplots.surfshading.pgfsys-pdftex.def))) (C:\Users\tsc\AppData\Local\Programs\MiKTeX\tex/generic/pgfplots/util\pgfplotscolormap.code.tex (C:\Users\tsc\AppData\Local\Programs\MiKTeX\tex/generic/pgfplots/util\pgfplotscolor.code.tex)) (C:\Users\tsc\AppData\Local\Programs\MiKTeX\tex/generic/pgfplots\pgfplotsstackedplots.code.tex) (C:\Users\tsc\AppData\Local\Programs\MiKTeX\tex/generic/pgfplots\pgfplotsplothandlers.code.tex (C:\Users\tsc\AppData\Local\Programs\MiKTeX\tex/generic/pgfplots\pgfplotsmeshplothandler.code.tex (C:\Users\tsc\AppData\Local\Programs\MiKTeX\tex/generic/pgfplots\pgfplotsmeshplotimage.code.tex))) (C:\Users\tsc\AppData\Local\Programs\MiKTeX\tex/generic/pgfplots\pgfplots.scaling.code.tex) (C:\Users\tsc\AppData\Local\Programs\MiKTeX\tex/generic/pgfplots\pgfplotscoordprocessing.code.tex) (C:\Users\tsc\AppData\Local\Programs\MiKTeX\tex/generic/pgfplots\pgfplots.errorbars.code.tex) (C:\Users\tsc\AppData\Local\Programs\MiKTeX\tex/generic/pgfplots\pgfplots.markers.code.tex) (C:\Users\tsc\AppData\Local\Programs\MiKTeX\tex/generic/pgfplots\pgfplotsticks.code.tex) (C:\Users\tsc\AppData\Local\Programs\MiKTeX\tex/generic/pgfplots\pgfplots.paths.code.tex) (C:\Users\tsc\AppData\Local\Programs\MiKTeX\tex/generic/pgf/frontendlayer/tikz/libraries\tikzlibrarydecorations.code.tex (C:\Users\tsc\AppData\Local\Programs\MiKTeX\tex/generic/pgf/modules\pgfmoduledecorations.code.tex
\pgfdecoratedcompleteddistance=\dimen304
\pgfdecoratedremainingdistance=\dimen305
\pgfdecoratedinputsegmentcompleteddistance=\dimen306
\pgfdecoratedinputsegmentremainingdistance=\dimen307
\pgf@decorate@distancetomove=\dimen308
\pgf@decorate@repeatstate=\count372
\pgfdecorationsegmentamplitude=\dimen309
\pgfdecorationsegmentlength=\dimen310
)
\tikz@lib@dec@box=\box78
) (C:\Users\tsc\AppData\Local\Programs\MiKTeX\tex/generic/pgf/frontendlayer/tikz/libraries\tikzlibrarydecorations.pathmorphing.code.tex (C:\Users\tsc\AppData\Local\Programs\MiKTeX\tex/generic/pgf/libraries/decorations\pgflibrarydecorations.pathmorphing.code.tex)) (C:\Users\tsc\AppData\Local\Programs\MiKTeX\tex/generic/pgf/frontendlayer/tikz/libraries\tikzlibrarydecorations.pathreplacing.code.tex (C:\Users\tsc\AppData\Local\Programs\MiKTeX\tex/generic/pgf/libraries/decorations\pgflibrarydecorations.pathreplacing.code.tex)) (C:\Users\tsc\AppData\Local\Programs\MiKTeX\tex/generic/pgfplots/libs\tikzlibrarypgfplots.contourlua.code.tex)
\pgfplots@numplots=\count373
\pgfplots@xmin@reg=\dimen311
\pgfplots@xmax@reg=\dimen312
\pgfplots@ymin@reg=\dimen313
\pgfplots@ymax@reg=\dimen314
\pgfplots@zmin@reg=\dimen315
\pgfplots@zmax@reg=\dimen316
) (C:\Users\tsc\AppData\Local\Programs\MiKTeX\tex/generic/pgf/frontendlayer/tikz/libraries\tikzlibraryplotmarks.code.tex
File: tikzlibraryplotmarks.code.tex 2025-08-29 v3.1.11a (3.1.11a)
 (C:\Users\tsc\AppData\Local\Programs\MiKTeX\tex/generic/pgf/libraries\pgflibraryplotmarks.code.tex
File: pgflibraryplotmarks.code.tex 2025-08-29 v3.1.11a (3.1.11a)
))) (C:\Users\tsc\AppData\Local\Programs\MiKTeX\tex/latex/tikzscale\tikzscale.sty
Package: tikzscale 2013/05/22 v0.2.6 tikzscale LaTeX package
 (C:\Users\tsc\AppData\Local\Programs\MiKTeX\tex/latex/l3packages/xparse\xparse.sty
Package: xparse 2024-08-16 L3 Experimental document command parser
) (C:\Users\tsc\AppData\Local\Programs\MiKTeX\tex/latex/letltxmacro\letltxmacro.sty
Package: letltxmacro 2019/12/03 v1.6 Let assignment for LaTeX macros (HO)
) (C:\Users\tsc\AppData\Local\Programs\MiKTeX\tex/latex/xstring\xstring.sty (C:\Users\tsc\AppData\Local\Programs\MiKTeX\tex/generic/xstring\xstring.tex
\xs_counta=\count374
\xs_countb=\count375
)
Package: xstring 2023/08/22 v1.86 String manipulations (CT)
)
\tikzscale@measuredSize=\box79
) (C:\Users\tsc\AppData\Local\Programs\MiKTeX\tex/latex/tikz-cd\tikz-cd.sty
Package: tikz-cd 2021/05/04 v1.0 Commutative diagrams with TikZ
 (C:\Users\tsc\AppData\Local\Programs\MiKTeX\tex/latex/tikz-cd\tikzlibrarycd.code.tex (C:\Users\tsc\AppData\Local\Programs\MiKTeX\tex/generic/pgf/frontendlayer/tikz/libraries\tikzlibrarymatrix.code.tex
File: tikzlibrarymatrix.code.tex 2025-08-29 v3.1.11a (3.1.11a)
) (C:\Users\tsc\AppData\Local\Programs\MiKTeX\tex/generic/pgf/frontendlayer/tikz/libraries\tikzlibraryquotes.code.tex
File: tikzlibraryquotes.code.tex 2025-08-29 v3.1.11a (3.1.11a)
) (C:\Users\tsc\AppData\Local\Programs\MiKTeX\tex/generic/pgf/libraries\pgflibraryarrows.meta.code.tex
File: pgflibraryarrows.meta.code.tex 2025-08-29 v3.1.11a (3.1.11a)
\pgfarrowinset=\dimen317
\pgfarrowlength=\dimen318
\pgfarrowwidth=\dimen319
\pgfarrowlinewidth=\dimen320
))) (C:\Users\tsc\AppData\Local\Programs\MiKTeX\tex/generic/pgf/frontendlayer/tikz/libraries\tikzlibrarypatterns.code.tex
File: tikzlibrarypatterns.code.tex 2025-08-29 v3.1.11a (3.1.11a)
 (C:\Users\tsc\AppData\Local\Programs\MiKTeX\tex/generic/pgf/libraries\pgflibrarypatterns.code.tex
File: pgflibrarypatterns.code.tex 2025-08-29 v3.1.11a (3.1.11a)
)) (C:\Users\tsc\AppData\Local\Programs\MiKTeX\tex/generic/pgf/frontendlayer/tikz/libraries\tikzlibraryshapes.arrows.code.tex
File: tikzlibraryshapes.arrows.code.tex 2025-08-29 v3.1.11a (3.1.11a)
 (C:\Users\tsc\AppData\Local\Programs\MiKTeX\tex/generic/pgf/libraries/shapes\pgflibraryshapes.arrows.code.tex
File: pgflibraryshapes.arrows.code.tex 2025-08-29 v3.1.11a (3.1.11a)
)) (C:\Users\tsc\AppData\Local\Programs\MiKTeX\tex/latex/pgf/frontendlayer/libraries\tikzlibraryexternal.code.tex (C:\Users\tsc\AppData\Local\Programs\MiKTeX\tex/latex/base\atveryend-ltx.sty
Package: atveryend-ltx 2020/08/19 v1.0a Emulation of the original atveryend package
with kernel methods
) (C:\Users\tsc\AppData\Local\Programs\MiKTeX\tex/generic/pgf/frontendlayer/tikz/libraries\tikzexternalshared.code.tex)) (C:\Users\tsc\AppData\Local\Programs\MiKTeX\tex/latex/spath3\tikzlibrarycalligraphy.code.tex (C:\Users\tsc\AppData\Local\Programs\MiKTeX\tex/latex/spath3\spath3.sty
Package: spath3 2024/05/31 v2.8 Functions for manipulating PGF soft paths
\g__spath_output_int=\count376
\l__spath_tmpa_dim=\dimen321
\l__spath_tmpb_dim=\dimen322
\l__spath_tmpa_int=\count377
\l__spath_tmpb_int=\count378
\l__spath_move_x_dim=\dimen323
\l__spath_move_y_dim=\dimen324
\l__spath_rectx_dim=\dimen325
\l__spath_recty_dim=\dimen326
\g__spath_anon_int=\count379
)
\l__cal_tmpa_int=\count380
\l__cal_tmpb_int=\count381
\g__cal_path_component_int=\count382
\g__cal_label_int=\count383
\l__cal_tmpa_dim=\dimen327
\l__cal_tmpb_dim=\dimen328
\l__cal_tmpc_dim=\dimen329
\l__cal_tmpd_dim=\dimen330
\l__cal_tmpe_dim=\dimen331
\l__cal_tmpf_dim=\dimen332
\l__cal_tmpg_dim=\dimen333
\l__cal_tmph_dim=\dimen334
\l__cal_taper_width_dim=\dimen335
\l__cal_line_width_dim=\dimen336
) (C:\Users\tsc\AppData\Local\Programs\MiKTeX\tex/latex/carlisle\scalefnt.sty) (C:\Users\tsc\AppData\Local\Programs\MiKTeX\tex/generic/pgfplots/libs\tikzlibrarypgfplots.external.code.tex) (C:\Users\tsc\AppData\Local\Programs\MiKTeX\tex/latex/csquotes\csquotes.sty
Package: csquotes 2024-04-04 v5.2o context-sensitive quotations (JAW)
\csq@reset=\count384
\csq@gtype=\count385
\csq@glevel=\count386
\csq@qlevel=\count387
\csq@maxlvl=\count388
\csq@tshold=\count389
\csq@ltx@everypar=\toks47
 (C:\Users\tsc\AppData\Local\Programs\MiKTeX\tex/latex/csquotes\csquotes.def
File: csquotes.def 2024-04-04 v5.2o csquotes generic definitions (JAW)
)
Package csquotes Info: Trying to load configuration file 'csquotes.cfg'...
Package csquotes Info: ... configuration file loaded successfully.
 (C:\Users\tsc\AppData\Local\Programs\MiKTeX\tex/latex/csquotes\csquotes.cfg
File: csquotes.cfg 
)) (C:\Users\tsc\AppData\Local\Programs\MiKTeX\tex/latex/biblatex\biblatex.sty
Package: biblatex 2025/07/10 v3.21 programmable bibliographies (PK/MW)
 (C:\Users\tsc\AppData\Local\Programs\MiKTeX\tex/latex/logreq\logreq.sty
Package: logreq 2010/08/04 v1.0 xml request logger
\lrq@indent=\count390
 (C:\Users\tsc\AppData\Local\Programs\MiKTeX\tex/latex/logreq\logreq.def
File: logreq.def 2010/08/04 v1.0 logreq spec v1.0
)) (C:\Users\tsc\AppData\Local\Programs\MiKTeX\tex/latex/base\ifthen.sty
Package: ifthen 2024/03/16 v1.1e Standard LaTeX ifthen package (DPC)
)
\c@tabx@nest=\count391
\c@listtotal=\count392
\c@listcount=\count393
\c@liststart=\count394
\c@liststop=\count395
\c@citecount=\count396
\c@citetotal=\count397
\c@multicitecount=\count398
\c@multicitetotal=\count399
\c@instcount=\count400
\c@maxnames=\count401
\c@minnames=\count402
\c@maxitems=\count403
\c@minitems=\count404
\c@citecounter=\count405
\c@maxcitecounter=\count406
\c@savedcitecounter=\count407
\c@uniquelist=\count408
\c@uniquename=\count409
\c@refsection=\count410
\c@refsegment=\count411
\c@maxextratitle=\count412
\c@maxextratitleyear=\count413
\c@maxextraname=\count414
\c@maxextradate=\count415
\c@maxextraalpha=\count416
\c@abbrvpenalty=\count417
\c@highnamepenalty=\count418
\c@lownamepenalty=\count419
\c@maxparens=\count420
\c@parenlevel=\count421
\blx@tempcnta=\count422
\blx@tempcntb=\count423
\blx@tempcntc=\count424
\c@blx@maxsection=\count425
\blx@maxsegment@0=\count426
\blx@notetype=\count427
\blx@parenlevel@text=\count428
\blx@parenlevel@foot=\count429
\blx@sectionciteorder@0=\count430
\blx@sectionciteorderinternal@0=\count431
\blx@entrysetcounter=\count432
\blx@biblioinstance=\count433
\labelnumberwidth=\skip74
\labelalphawidth=\skip75
\biblabelsep=\skip76
\bibitemsep=\skip77
\bibnamesep=\skip78
\bibinitsep=\skip79
\bibparsep=\skip80
\bibhang=\skip81
\blx@bcfin=\read6
\blx@bcfout=\write6
\blx@langwohyphens=\language80
\c@mincomprange=\count434
\c@maxcomprange=\count435
\c@mincompwidth=\count436
Package biblatex Info: Trying to load biblatex default data model...
Package biblatex Info: ... file 'blx-dm.def' found.
 (C:\Users\tsc\AppData\Local\Programs\MiKTeX\tex/latex/biblatex\blx-dm.def
File: blx-dm.def 2025/07/10 v3.21 biblatex datamodel (PK/MW)
)
Package biblatex Info: Trying to load biblatex style data model...
Package biblatex Info: ... file 'numeric.dbx' not found.
Package biblatex Info: Trying to load biblatex custom data model...
Package biblatex Info: ... file 'biblatex-dm.cfg' not found.
\c@afterword=\count437
\c@savedafterword=\count438
\c@annotator=\count439
\c@savedannotator=\count440
\c@author=\count441
\c@savedauthor=\count442
\c@bookauthor=\count443
\c@savedbookauthor=\count444
\c@commentator=\count445
\c@savedcommentator=\count446
\c@editor=\count447
\c@savededitor=\count448
\c@editora=\count449
\c@savededitora=\count450
\c@editorb=\count451
\c@savededitorb=\count452
\c@editorc=\count453
\c@savededitorc=\count454
\c@foreword=\count455
\c@savedforeword=\count456
\c@holder=\count457
\c@savedholder=\count458
\c@introduction=\count459
\c@savedintroduction=\count460
\c@namea=\count461
\c@savednamea=\count462
\c@nameb=\count463
\c@savednameb=\count464
\c@namec=\count465
\c@savednamec=\count466
\c@translator=\count467
\c@savedtranslator=\count468
\c@shortauthor=\count469
\c@savedshortauthor=\count470
\c@shorteditor=\count471
\c@savedshorteditor=\count472
\c@labelname=\count473
\c@savedlabelname=\count474
\c@institution=\count475
\c@savedinstitution=\count476
\c@lista=\count477
\c@savedlista=\count478
\c@listb=\count479
\c@savedlistb=\count480
\c@listc=\count481
\c@savedlistc=\count482
\c@listd=\count483
\c@savedlistd=\count484
\c@liste=\count485
\c@savedliste=\count486
\c@listf=\count487
\c@savedlistf=\count488
\c@location=\count489
\c@savedlocation=\count490
\c@organization=\count491
\c@savedorganization=\count492
\c@origlocation=\count493
\c@savedoriglocation=\count494
\c@origpublisher=\count495
\c@savedorigpublisher=\count496
\c@publisher=\count497
\c@savedpublisher=\count498
\c@language=\count499
\c@savedlanguage=\count500
\c@origlanguage=\count501
\c@savedoriglanguage=\count502
\c@pageref=\count503
\c@savedpageref=\count504
\shorthandwidth=\skip82
\shortjournalwidth=\skip83
\shortserieswidth=\skip84
\shorttitlewidth=\skip85
\shortauthorwidth=\skip86
\shorteditorwidth=\skip87
\locallabelnumberwidth=\skip88
\locallabelalphawidth=\skip89
\localshorthandwidth=\skip90
\localshortjournalwidth=\skip91
\localshortserieswidth=\skip92
\localshorttitlewidth=\skip93
\localshortauthorwidth=\skip94
\localshorteditorwidth=\skip95
Package biblatex Info: Trying to load compatibility code...
Package biblatex Info: ... file 'blx-compat.def' found.
 (C:\Users\tsc\AppData\Local\Programs\MiKTeX\tex/latex/biblatex\blx-compat.def
File: blx-compat.def 2025/07/10 v3.21 biblatex compatibility (PK/MW)
)
Package biblatex Info: Trying to load generic definitions...
Package biblatex Info: ... file 'biblatex.def' found.
 (C:\Users\tsc\AppData\Local\Programs\MiKTeX\tex/latex/biblatex\biblatex.def
File: biblatex.def 2025/07/10 v3.21 biblatex compatibility (PK/MW)
\c@textcitecount=\count505
\c@textcitetotal=\count506
\c@textcitemaxnames=\count507
\c@biburlbigbreakpenalty=\count508
\c@biburlbreakpenalty=\count509
\c@biburlnumpenalty=\count510
\c@biburlucpenalty=\count511
\c@biburllcpenalty=\count512
\biburlbigskip=\muskip21
\biburlnumskip=\muskip22
\biburlucskip=\muskip23
\biburllcskip=\muskip24
\c@smartand=\count513
)
Package biblatex Info: Trying to load bibliography style 'numeric'...
Package biblatex Info: ... file 'numeric.bbx' found.
 (C:\Users\tsc\AppData\Local\Programs\MiKTeX\tex/latex/biblatex/bbx\numeric.bbx
File: numeric.bbx 2025/07/10 v3.21 biblatex bibliography style (PK/MW)
Package biblatex Info: Trying to load bibliography style 'standard'...
Package biblatex Info: ... file 'standard.bbx' found.
 (C:\Users\tsc\AppData\Local\Programs\MiKTeX\tex/latex/biblatex/bbx\standard.bbx
File: standard.bbx 2025/07/10 v3.21 biblatex bibliography style (PK/MW)
\c@bbx:relatedcount=\count514
\c@bbx:relatedtotal=\count515
))
Package biblatex Info: Trying to load citation style 'numeric'...
Package biblatex Info: ... file 'numeric.cbx' found.
 (C:\Users\tsc\AppData\Local\Programs\MiKTeX\tex/latex/biblatex/cbx\numeric.cbx
File: numeric.cbx 2025/07/10 v3.21 biblatex citation style (PK/MW)
Package biblatex Info: Redefining '\cite'.
Package biblatex Info: Redefining '\parencite'.
Package biblatex Info: Redefining '\footcite'.
Package biblatex Info: Redefining '\footcitetext'.
Package biblatex Info: Redefining '\smartcite'.
Package biblatex Info: Redefining '\supercite'.
Package biblatex Info: Redefining '\textcite'.
Package biblatex Info: Redefining '\textcites'.
Package biblatex Info: Redefining '\cites'.
Package biblatex Info: Redefining '\parencites'.
Package biblatex Info: Redefining '\smartcites'.
)
Package biblatex Info: Trying to load configuration file...
Package biblatex Info: ... file 'biblatex.cfg' found.
 (C:\Users\tsc\AppData\Local\Programs\MiKTeX\tex/latex/biblatex\biblatex.cfg
File: biblatex.cfg 
)
Package biblatex Info: Input encoding 'utf8' detected.
Package biblatex Info: Document encoding is UTF8 ....
Package biblatex Info: ... and expl3
(biblatex)             2025-09-02 L3 programming layer (loader) 
(biblatex)             is new enough (at least 2020/04/06),
(biblatex)             setting 'casechanger=expl3'.
 (C:\Users\tsc\AppData\Local\Programs\MiKTeX\tex/latex/biblatex\blx-case-expl3.sty
Package: blx-case-expl3 2025/07/10 v3.21 expl3 case changing code for biblatex
)) (C:\Users\tsc\AppData\Local\Programs\MiKTeX\tex/latex/graphics\epsfig.sty
Package: epsfig 2024/01/14 v1.7b (e)psfig emulation (SPQR)
\epsfxsize=\dimen337
\epsfysize=\dimen338
) (C:\Users\tsc\AppData\Local\Programs\MiKTeX\tex/latex/import\import.sty
Package: import 2020/04/01  v 6.2
) (C:\Users\tsc\AppData\Local\Programs\MiKTeX\tex/latex/tools\tabularx.sty
Package: tabularx 2023/12/11 v2.12a `tabularx' package (DPC)
\TX@col@width=\dimen339
\TX@old@table=\dimen340
\TX@old@col=\dimen341
\TX@target=\dimen342
\TX@delta=\dimen343
\TX@cols=\count516
\TX@ftn=\toks48
) (C:\Users\tsc\AppData\Local\Programs\MiKTeX\tex/latex/multirow\multirow.sty
Package: multirow 2024/11/12 v2.9 Span multiple rows of a table
\multirow@colwidth=\skip96
\multirow@cntb=\count517
\multirow@dima=\skip97
\bigstrutjot=\dimen344
) (C:\Users\tsc\AppData\Local\Programs\MiKTeX\tex/latex/colortbl\colortbl.sty
Package: colortbl 2024/10/29 v1.0k Color table columns (DPC)
\everycr=\toks49
\minrowclearance=\skip98
\rownum=\count518
) (C:\Users\tsc\AppData\Local\Programs\MiKTeX\tex/latex/glossaries/base\glossaries.sty
Rollback for package 'glossaries' requested -> version 'v4.46'.
         This corresponds to the release introduced on 2020-03-19.
 (C:\Users\tsc\AppData\Local\Programs\MiKTeX\tex/latex/glossaries/rollback\glossaries-2020-03-19.sty
Package: glossaries 2020/03/19 v4.46 (NLCT)
 (C:\Users\tsc\AppData\Local\Programs\MiKTeX\tex/latex/mfirstuc\mfirstuc.sty
Package: mfirstuc 2025/04/03 v2.09 (NLCT)
\@glsmfirst=\toks50
\@glsmrest=\toks51
) (C:\Users\tsc\AppData\Local\Programs\MiKTeX\tex/latex/textcase\textcase.sty
Package: textcase 2025/02/16 v1.05 Text only upper/lower case changing (DPC)
Package textcase Info: Defining Legacy names on input line 20.
) (C:\Users\tsc\AppData\Local\Programs\MiKTeX\tex/latex/xfor\xfor.sty
Package: xfor 2009/02/05 v1.05 (NLCT)
) (C:\Users\tsc\AppData\Local\Programs\MiKTeX\tex/latex/datatool\datatool-base.sty
Package: datatool-base 2025/04/25 v3.4.1 (NLCT)
 (C:\Users\tsc\AppData\Local\Programs\MiKTeX\tex/latex/tracklang\tracklang.sty
Package: tracklang 2025/03/11 v1.6.6 (NLCT) Track Languages
 (C:\Users\tsc\AppData\Local\Programs\MiKTeX\tex/generic/tracklang\tracklang.tex)
Package tracklang Info: Tracking dialect `ngerman' (language `german') on input line 264.
Package tracklang Info: Tracking dialect `ngerman' (language `german') on input line 264.
) (C:\Users\tsc\AppData\Local\Programs\MiKTeX\tex/latex/datatool\datatool-l3fp.def
File: datatool-l3fp.def 2025/04/25 v3.4.1 (NLCT)
)
\@dtl@toks=\toks52
\@dtl@tmpcount=\count519
\dtl@tmplength=\skip99
\l__datatool_measure_box=\box80
\dtl@sortresult=\count520
 (C:\Users\tsc\AppData\Local\Programs\MiKTeX\tex/latex/datatool\datatool-utf8.ldf
File: datatool-utf8.ldf 2025/04/25 v3.4.1 (NLCT)
)
\@dtl@datatype=\count521
\l__datatool_tmpa_int=\count522
\l__datatool_tmpb_int=\count523
\l__datatool_tmpc_int=\count524
\l__datatool_tmpd_int=\count525
\l__datatool_count_int=\count526
\l__datatool_tmp_datatype_int=\count527
\l__datatool_tmpa_dim=\dimen345
\l__datatool_tmpb_dim=\dimen346
\c_datatool_unknown_int=\count528
\l__datatool_year_int=\count529
\l__datatool_month_int=\count530
\l__datatool_day_int=\count531
\l__datatool_hour_int=\count532
\l__datatool_minute_int=\count533
\l__datatool_second_int=\count534
\l__datatool_tzhour_int=\count535
\l__datatool_tzminute_int=\count536
\l__datatool_julian_int=\count537
\l__datatool_local_julian_int=\count538
\l__datatool_prefix_int=\count539
\l__datatool_suffix_int=\count540
\@dtl@foreach@level=\count541


Package tracklang Warning: No `datatool' support for dialect `ngerman'  on input line 9908.

\dtl@codeA=\count542
\dtl@codeB=\count543
) (C:\Users\tsc\AppData\Local\Programs\MiKTeX\tex/latex/glossaries/base\glossaries-compatible-307.sty
Rollback for package 'glossaries-compatible-307' requested -> version 'v4.46'.
         This corresponds to the release introduced on 2020-03-19.
 (C:\Users\tsc\AppData\Local\Programs\MiKTeX\tex/latex/glossaries/rollback\glossaries-compatible-307-2020-03-19.sty
Package: glossaries-compatible-307 2020/03/19 v4.46 (NLCT)
)) (C:\Users\tsc\AppData\Local\Programs\MiKTeX\tex/latex/translator\translator.sty
Package: translator 2021-05-31 v1.12d Easy translation of strings in LaTeX
) (C:\Users\tsc\AppData\Local\Programs\MiKTeX\tex/latex/glossaries-german\glossaries-german.ldf
File: glossaries-german.ldf 2014/11/23 v1.0
)
\gls@level=\count544
\@gls@tmpb=\toks53
\gls@tmplen=\skip100
\glskeylisttok=\toks54
\glslabeltok=\toks55
\glsshorttok=\toks56
\glslongtok=\toks57
 (C:\Users\tsc\AppData\Local\Programs\MiKTeX\tex/latex/glossaries/styles\glossary-hypernav.sty
Rollback for package 'glossary-hypernav' requested -> version 'v4.46'.
         This corresponds to the release introduced on 2020-03-19.
 (C:\Users\tsc\AppData\Local\Programs\MiKTeX\tex/latex/glossaries/rollback\glossary-hypernav-2020-03-19.sty
Package: glossary-hypernav 2020/03/19 v4.46 (NLCT)
)) (C:\Users\tsc\AppData\Local\Programs\MiKTeX\tex/latex/glossaries/styles\glossary-list.sty
Rollback for package 'glossary-list' requested -> version 'v4.46'.
         This corresponds to the release introduced on 2020-03-19.
 (C:\Users\tsc\AppData\Local\Programs\MiKTeX\tex/latex/glossaries/rollback\glossary-list-2020-03-19.sty
Package: glossary-list 2020/03/19 v4.46 (NLCT)
\glslistdottedwidth=\skip101
)) (C:\Users\tsc\AppData\Local\Programs\MiKTeX\tex/latex/glossaries/styles\glossary-long.sty
Rollback for package 'glossary-long' requested -> version 'v4.46'.
         This corresponds to the release introduced on 2020-03-19.
 (C:\Users\tsc\AppData\Local\Programs\MiKTeX\tex/latex/glossaries/rollback\glossary-long-2020-03-19.sty
Package: glossary-long 2020/03/19 v4.46 (NLCT)
 (C:\Users\tsc\AppData\Local\Programs\MiKTeX\tex/latex/tools\longtable.sty
Package: longtable 2024-12-18 v4.23 Multi-page Table package (DPC)
\LTleft=\skip102
\LTright=\skip103
\LTpre=\skip104
\LTpost=\skip105
\LTchunksize=\count545
\LTcapwidth=\dimen347
\LT@head=\box81
\LT@firsthead=\box82
\LT@foot=\box83
\LT@lastfoot=\box84
\LT@gbox=\box85
\LT@cols=\count546
\LT@rows=\count547
\c@LT@tables=\count548
\c@LT@chunks=\count549
\LT@p@ftn=\toks58
)
Class scrbook Info: longtable captions redefined on input line 43.
\glsdescwidth=\skip106
\glspagelistwidth=\skip107
)) (C:\Users\tsc\AppData\Local\Programs\MiKTeX\tex/latex/glossaries/styles\glossary-super.sty
Rollback for package 'glossary-super' requested -> version 'v4.46'.
         This corresponds to the release introduced on 2020-03-19.
 (C:\Users\tsc\AppData\Local\Programs\MiKTeX\tex/latex/glossaries/rollback\glossary-super-2020-03-19.sty
Package: glossary-super 2020/03/19 v4.46 (NLCT)
 (C:\Users\tsc\AppData\Local\Programs\MiKTeX\tex/latex/supertabular\supertabular.sty
Package: supertabular 2024/07/20 v4.2c the supertabular environment
\c@tracingst=\count550
\ST@wd=\dimen348
\ST@rightskip=\skip108
\ST@leftskip=\skip109
\ST@parfillskip=\skip110
\ST@pageleft=\dimen349
\ST@headht=\dimen350
\ST@tailht=\dimen351
\ST@pagesofar=\dimen352
\ST@pboxht=\dimen353
\ST@rowht=\dimen354
\ST@prevht=\dimen355
\ST@toadd=\dimen356
\ST@dimen=\dimen357
\ST@pbox=\box86
))) (C:\Users\tsc\AppData\Local\Programs\MiKTeX\tex/latex/glossaries/styles\glossary-tree.sty
Rollback for package 'glossary-tree' requested -> version 'v4.46'.
         This corresponds to the release introduced on 2020-03-19.
 (C:\Users\tsc\AppData\Local\Programs\MiKTeX\tex/latex/glossaries/rollback\glossary-tree-2020-03-19.sty
Package: glossary-tree 2020/03/19 v4.46 (NLCT)
\glstreeindent=\skip111
)))) (C:\Users\tsc\AppData\Local\Programs\MiKTeX\tex/latex/geometry\geometry.sty
Package: geometry 2020/01/02 v5.9 Page Geometry
 (C:\Users\tsc\AppData\Local\Programs\MiKTeX\tex/generic/iftex\ifvtex.sty
Package: ifvtex 2019/10/25 v1.7 ifvtex legacy package. Use iftex instead.
)
\Gm@cnth=\count551
\Gm@cntv=\count552
\c@Gm@tempcnt=\count553
\Gm@bindingoffset=\dimen358
\Gm@wd@mp=\dimen359
\Gm@odd@mp=\dimen360
\Gm@even@mp=\dimen361
\Gm@layoutwidth=\dimen362
\Gm@layoutheight=\dimen363
\Gm@layouthoffset=\dimen364
\Gm@layoutvoffset=\dimen365
\Gm@dimlist=\toks59
 (C:\Users\tsc\AppData\Local\Programs\MiKTeX\tex/latex/geometry\geometry.cfg)) (C:\Users\tsc\AppData\Local\Programs\MiKTeX\tex/latex/scrwfile\scrwfile.sty
Package: scrwfile 2023-03-31 v0.1.99 KOMA-Script package (write and clone files)


Package scrwfile Warning: THIS IS AN EXPERIMENTAL PACKAGE!
(scrwfile)                USAGE OF THIS PACKAGE IS ON YOUR OWN RISK!
(scrwfile)                EVERYTHING MAY HAPPEN!
(scrwfile)                EVERYTHING MAY CHANGE IN FUTURE!
(scrwfile)                THERE IS NO SUPPORT, IF YOU USE THIS PACKAGE!
(scrwfile)                Maybe, it would be better not to load this package.

) (C:\Users\tsc\AppData\Local\Programs\MiKTeX\tex/latex/tools\calc.sty
Package: calc 2025/03/01 v4.3b Infix arithmetic (KKT,FJ)
\calc@Acount=\count554
\calc@Bcount=\count555
\calc@Adimen=\dimen366
\calc@Bdimen=\dimen367
\calc@Askip=\skip112
\calc@Bskip=\skip113
LaTeX Info: Redefining \setlength on input line 86.
LaTeX Info: Redefining \addtolength on input line 87.
\calc@Ccount=\count556
\calc@Cskip=\skip114
) (C:\Users\tsc\AppData\Local\Programs\MiKTeX\tex/latex/overpic\overpic.sty
Package: overpic 2024/01/06 2.1 picture overlays (RN)
 (C:\Users\tsc\AppData\Local\Programs\MiKTeX\tex/latex/eepic\epic.sty
Enhancements to Picture Environment. Version 1.2 - Released June 1, 1986
\@@multicnt=\count557
\d@lta=\count558
\@delta=\dimen368
\@@delta=\dimen369
\@gridcnt=\count559
\@joinkind=\count560
\@dotgap=\dimen370
\@ddotgap=\dimen371
\@x@diff=\count561
\@y@diff=\count562
\x@diff=\dimen372
\y@diff=\dimen373
\@dotbox=\box87
\num@segments=\count563
\num@segmentsi=\count564
\@datafile=\read7
)
\OVP@box=\box88
) (C:\Users\tsc\AppData\Local\Programs\MiKTeX\tex/latex/siunitx\siunitx.sty
Package: siunitx 2025-07-09 v3.4.14 A comprehensive (SI) units package
\l__siunitx_number_uncert_offset_int=\count565
\l__siunitx_number_exponent_fixed_int=\count566
\l__siunitx_number_min_decimal_int=\count567
\l__siunitx_number_min_integer_int=\count568
\l__siunitx_number_round_precision_int=\count569
\l__siunitx_number_lower_threshold_int=\count570
\l__siunitx_number_upper_threshold_int=\count571
\l__siunitx_number_group_first_int=\count572
\l__siunitx_number_group_size_int=\count573
\l__siunitx_number_group_minimum_int=\count574
\l__siunitx_angle_tmp_dim=\dimen374
\l__siunitx_angle_marker_box=\box89
\l__siunitx_angle_unit_box=\box90
\l__siunitx_compound_count_int=\count575
 (C:\Users\tsc\AppData\Local\Programs\MiKTeX\tex/latex/translations\translations.sty
Package: translations 2022/02/05 v1.12 internationalization of LaTeX2e packages (CN)
)
\l__siunitx_table_tmp_box=\box91
\l__siunitx_table_tmp_dim=\dimen375
\l__siunitx_table_column_width_dim=\dimen376
\l__siunitx_table_integer_box=\box92
\l__siunitx_table_decimal_box=\box93
\l__siunitx_table_uncert_box=\box94
\l__siunitx_table_before_box=\box95
\l__siunitx_table_after_box=\box96
\l__siunitx_table_before_dim=\dimen377
\l__siunitx_table_carry_dim=\dimen378
\l__siunitx_unit_tmp_int=\count576
\l__siunitx_unit_position_int=\count577
\l__siunitx_unit_total_int=\count578
) (C:\Users\tsc\AppData\Local\Programs\MiKTeX\tex/latex/tools\multicol.sty
Package: multicol 2025/05/25 v2.0a multicolumn formatting (FMi)
\c@tracingmulticols=\count579
\mult@box=\box97
\multicol@leftmargin=\dimen379
\c@unbalance=\count580
\c@collectmore=\count581
\doublecol@number=\count582
\multicoltolerance=\count583
\multicolpretolerance=\count584
\full@width=\dimen380
\page@free=\dimen381
\premulticols=\dimen382
\postmulticols=\dimen383
\multicolsep=\skip115
\multicolbaselineskip=\skip116
\partial@page=\box98
\last@line=\box99
\mc@boxedresult=\box100
\maxbalancingoverflow=\dimen384
\mult@rightbox=\box101
\mult@grightbox=\box102
\mult@firstbox=\box103
\mult@gfirstbox=\box104
\@tempa=\box105
\@tempa=\box106
\@tempa=\box107
\@tempa=\box108
\@tempa=\box109
\@tempa=\box110
\@tempa=\box111
\@tempa=\box112
\@tempa=\box113
\@tempa=\box114
\@tempa=\box115
\@tempa=\box116
\@tempa=\box117
\@tempa=\box118
\@tempa=\box119
\@tempa=\box120
\@tempa=\box121
\@tempa=\box122
\@tempa=\box123
\@tempa=\box124
\@tempa=\box125
\@tempa=\box126
\@tempa=\box127
\@tempa=\box128
\@tempa=\box129
\@tempa=\box130
\@tempa=\box131
\@tempa=\box132
\@tempa=\box133
\@tempa=\box134
\@tempa=\box135
\@tempa=\box136
\@tempa=\box137
\@tempa=\box138
\@tempa=\box139
\@tempa=\box140
\c@minrows=\count585
\c@columnbadness=\count586
\c@finalcolumnbadness=\count587
\last@try=\dimen385
\multicolovershoot=\dimen386
\multicolundershoot=\dimen387
\mult@nat@firstbox=\box141
\colbreak@box=\box142
\mc@col@check@num=\count588
\g__mc_curr_col_int=\count589
) (C:\Users\tsc\AppData\Local\Programs\MiKTeX\tex/latex/caption\subcaption.sty
Package: subcaption 2023/07/28 v1.6b Sub-captions (AR)
 (C:\Users\tsc\AppData\Local\Programs\MiKTeX\tex/latex/caption\caption.sty
Package: caption 2023/08/05 v3.6o Customizing captions (AR)
 (C:\Users\tsc\AppData\Local\Programs\MiKTeX\tex/latex/caption\caption3.sty
Package: caption3 2023/07/31 v2.4d caption3 kernel (AR)
\caption@tempdima=\dimen388
\captionmargin=\dimen389
\caption@leftmargin=\dimen390
\caption@rightmargin=\dimen391
\caption@width=\dimen392
\caption@indent=\dimen393
\caption@parindent=\dimen394
\caption@hangindent=\dimen395
Package caption Info: Unknown document class (or package),
(caption)             standard defaults will be used.
Package caption Info: \@makecaption = \long macro:#1#2->\@abovecaptionbreak \vskip \abovecaptionskip \@abovecaptionbreak \@@makecaption \@firstofone {#1}{#2}\@belowcaptionbreak \vskip \belowcaptionskip \@belowcaptionbreak  on input line 1175.
)

Package caption Warning: Unknown document class (or package),
(caption)                standard defaults will be used.
See the caption package documentation for explanation.

\c@caption@flags=\count590
\c@continuedfloat=\count591
Package caption Info: hyperref package is loaded.
Package caption Info: longtable package is loaded.
(C:\Users\tsc\AppData\Local\Programs\MiKTeX\tex/latex/caption\ltcaption.sty
Package: ltcaption 2021/01/08 v1.4c longtable captions (AR)
)
Package caption Info: supertabular package is loaded.
)
Package caption Info: New subtype `subfigure' on input line 238.
\c@subfigure=\count592
Package caption Info: New subtype `subtable' on input line 238.
\c@subtable=\count593
)

Package glossaries Warning: Deprecated command \glossarystyle.
 I recommend you switch to \setglossarystyle unless you want to maintain backward compatibility on input line 128.

\glswrite=\write7
\glo@main@file=\write8
\openout8 = `diss.glo'.

Package glossaries Info: Writing glossary file diss.glo on input line 137.
\glo@lat@file=\write9
\openout9 = `diss.slo'.

Package glossaries Info: Writing glossary file diss.slo on input line 137.
\glo@gre@file=\write10
\openout10 = `diss.olo'.

Package glossaries Info: Writing glossary file diss.olo on input line 137.
\glo@abk@file=\write11
\openout11 = `diss.alo'.

Package glossaries Info: Writing glossary file diss.alo on input line 137.
\glo@notation@file=\write12
\openout12 = `diss.plo'.

Package glossaries Info: Writing glossary file diss.plo on input line 137.
(00_support/abk_sym_gls.tex) (00_support/colors.tex)
Class scrbook Info: loading recommended package `bookmark'.
(scrbook)           Using `bookmark' together with `hyperref' is recommended,
(scrbook)           because of handling of possible bookmark level gaps.
(scrbook)           You can avoid loading `bookmark' with KOMA-Script option
(scrbook)           `bookmarkpackage=false' before \begin{document} and
(scrbook)           you can avoid this message adding:
(scrbook)             \usepackage{bookmark}
(scrbook)           before \begin{document} on input line 167.
 (C:\Users\tsc\AppData\Local\Programs\MiKTeX\tex/latex/bookmark\bookmark.sty
Package: bookmark 2023-12-10 v1.31 PDF bookmarks (HO)
 (C:\Users\tsc\AppData\Local\Programs\MiKTeX\tex/latex/bookmark\bkm-pdftex.def
File: bkm-pdftex.def 2023-12-10 v1.31 bookmark driver for pdfTeX and luaTeX (HO)
\BKM@id=\count594
))
\tikzscale@accuracy=\skip117
Package csquotes Info: Checking for multilingual support...
Package csquotes Info: ... found 'babel' package.
Package csquotes Info: Adjusting default style.
Package csquotes Info: Redefining alias 'default' -> 'ngerman'.
LaTeX Font Info:    Trying to load font information for OT1+lmr on input line 167.
 (C:\Users\tsc\AppData\Local\Programs\MiKTeX\tex/latex/lm\ot1lmr.fd
File: ot1lmr.fd 2015/05/01 v1.6.1 Font defs for Latin Modern
) (diss.aux
Package babel Info: 'ngerman' activates 'ngerman' shorthands.
(babel)             Reported on input line 21.


LaTeX Warning: Label `eq:rotDipole' multiply defined.


LaTeX Warning: Label `fig:SimAbsSetup' multiply defined.


LaTeX Warning: Label `fig:MovementComponent' multiply defined.


LaTeX Warning: Label `fig:ErrorMovement' multiply defined.

)
\openout1 = `diss.aux'.

LaTeX Font Info:    Checking defaults for OML/cmm/m/it on input line 167.
LaTeX Font Info:    ... okay on input line 167.
LaTeX Font Info:    Checking defaults for OMS/cmsy/m/n on input line 167.
LaTeX Font Info:    ... okay on input line 167.
LaTeX Font Info:    Checking defaults for OT1/cmr/m/n on input line 167.
LaTeX Font Info:    ... okay on input line 167.
LaTeX Font Info:    Checking defaults for T1/cmr/m/n on input line 167.
LaTeX Font Info:    ... okay on input line 167.
LaTeX Font Info:    Checking defaults for TS1/cmr/m/n on input line 167.
LaTeX Font Info:    ... okay on input line 167.
LaTeX Font Info:    Checking defaults for OMX/cmex/m/n on input line 167.
LaTeX Font Info:    ... okay on input line 167.
LaTeX Font Info:    Checking defaults for U/cmr/m/n on input line 167.
LaTeX Font Info:    ... okay on input line 167.
LaTeX Font Info:    Checking defaults for LGR/cmr/m/n on input line 167.
LaTeX Font Info:    Trying to load font information for LGR+cmr on input line 167.
 (C:\Users\tsc\AppData\Local\Programs\MiKTeX\tex/latex/cbfonts-fd\lgrcmr.fd
File: lgrcmr.fd 2017/07/29 v1.2 Greek European Computer Regular
)
LaTeX Font Info:    ... okay on input line 167.
LaTeX Font Info:    Checking defaults for PD1/pdf/m/n on input line 167.
LaTeX Font Info:    ... okay on input line 167.
LaTeX Font Info:    Checking defaults for PU/pdf/m/n on input line 167.
LaTeX Font Info:    ... okay on input line 167.
 (C:\Users\tsc\AppData\Local\Programs\MiKTeX\tex/context/base/mkii\supp-pdf.mkii
[Loading MPS to PDF converter (version 2006.09.02).]
\scratchcounter=\count595
\scratchdimen=\dimen396
\scratchbox=\box143
\nofMPsegments=\count596
\nofMParguments=\count597
\everyMPshowfont=\toks60
\MPscratchCnt=\count598
\MPscratchDim=\dimen397
\MPnumerator=\count599
\makeMPintoPDFobject=\count600
\everyMPtoPDFconversion=\toks61
) (C:\Users\tsc\AppData\Local\Programs\MiKTeX\tex/latex/epstopdf-pkg\epstopdf-base.sty
Package: epstopdf-base 2020-01-24 v2.11 Base part for package epstopdf
Package epstopdf-base Info: Redefining graphics rule for `.eps' on input line 485.
 (C:\Users\tsc\AppData\Local\Programs\MiKTeX\tex/latex/00miktex\epstopdf-sys.cfg
File: epstopdf-sys.cfg 2021/03/18 v2.0 Configuration of epstopdf for MiKTeX
))
Package hyperref Info: Link coloring OFF on input line 167.
Package biblatex Info: Trying to load language 'ngerman'...
Package biblatex Info: ... file 'ngerman.lbx' found.
 (C:\Users\tsc\AppData\Local\Programs\MiKTeX\tex/latex/biblatex/lbx\ngerman.lbx
File: ngerman.lbx 2025/07/10 v3.21 biblatex localization (PK/MW)
Package biblatex Info: Trying to load language 'german'...
Package biblatex Info: ... file 'german.lbx' found.
 (C:\Users\tsc\AppData\Local\Programs\MiKTeX\tex/latex/biblatex/lbx\german.lbx
File: german.lbx 2025/07/10 v3.21 biblatex localization (PK/MW)
)
Package biblatex Info: Trying to load language 'german'...
Package biblatex Info: ... file 'german.lbx' found.
 (C:\Users\tsc\AppData\Local\Programs\MiKTeX\tex/latex/biblatex/lbx\german.lbx
File: german.lbx 2025/07/10 v3.21 biblatex localization (PK/MW)
))
Package biblatex Info: Input encoding 'utf8' detected.
Package biblatex Info: Data encoding 'ascii' specified.
(biblatex)             No need to reencode data.
\openout6 = `diss.bcf'.

Package biblatex Info: Trying to load bibliographic data...
Package biblatex Info: ... file 'diss.bbl' found.
 (diss.bbl)
Package biblatex Info: Reference section=0 on input line 167.
Package biblatex Info: Reference segment=0 on input line 167.

*geometry* driver: auto-detecting
*geometry* detected driver: pdftex
*geometry* verbose mode - [ preamble ] result:
* driver: pdftex
* paper: a4paper
* layout: <same size as paper>
* layoutoffset:(h,v)=(0.0pt,0.0pt)
* modes: twoside 
* h-part:(L,W,R)=(71.13188pt, 455.24411pt, 71.13188pt)
* v-part:(T,H,B)=(71.13188pt, 674.33032pt, 99.58464pt)
* \paperwidth=597.50787pt
* \paperheight=845.04684pt
* \textwidth=455.24411pt
* \textheight=674.33032pt
* \oddsidemargin=-1.1381pt
* \evensidemargin=-1.1381pt
* \topmargin=-41.0131pt
* \headheight=18.125pt
* \headsep=21.75pt
* \topskip=12.0pt
* \footskip=50.75pt
* \marginparwidth=74.68849pt
* \marginparsep=12.8401pt
* \columnsep=10.0pt
* \skip\footins=10.8pt plus 4.0pt minus 2.0pt
* \hoffset=0.0pt
* \voffset=0.0pt
* \mag=1000
* \@twocolumnfalse
* \@twosidetrue
* \@mparswitchtrue
* \@reversemarginfalse
* (1in=72.27pt=25.4mm, 1cm=28.453pt)

Package scrwfile Info: Using immediate redefinition of `\@starttoc' on input line 167.
Package scrwfile Info: Extending `\@starttoc`  on input line 167.
(C:\Users\tsc\AppData\Local\Programs\MiKTeX\tex/latex/translations/dicts\translations-basic-dictionary-german.trsl
File: translations-basic-dictionary-german.trsl (german translation file `translations-basic-dictionary')
)
Package translations Info: loading dictionary `translations-basic-dictionary' for `german'. on input line 167.
Package caption Info: Begin \AtBeginDocument code.
Package caption Info: End \AtBeginDocument code.
 (00_support/titelseite.tex

[1
Non-PDF special ignored!
<special> header=psfrag.pro

\openout7 = `diss.ist'.



{C:/Users/tsc/AppData/Local/MiKTeX/fonts/map/pdftex/pdftex.map}{C:/Users/tsc/AppData/Local/Programs/MiKTeX/fonts/enc/dvips/lm/lm-rm.enc}])

[2] (00_support/declaration.tex
LaTeX Font Info:    Trying to load font information for OT1+lmss on input line 1.
 (C:\Users\tsc\AppData\Local\Programs\MiKTeX\tex/latex/lm\ot1lmss.fd
File: ot1lmss.fd 2015/05/01 v1.6.1 Font defs for Latin Modern
))
Underfull \hbox (badness 10000) in paragraph at lines 8--188

 []



[3


] (00_support/abstract.tex

[4




]
LaTeX Font Info:    Trying to load font information for OML+lmm on input line 8.
 (C:\Users\tsc\AppData\Local\Programs\MiKTeX\tex/latex/lm\omllmm.fd
File: omllmm.fd 2015/05/01 v1.6.1 Font defs for Latin Modern
)
LaTeX Font Info:    Trying to load font information for OMS+lmsy on input line 8.
 (C:\Users\tsc\AppData\Local\Programs\MiKTeX\tex/latex/lm\omslmsy.fd
File: omslmsy.fd 2015/05/01 v1.6.1 Font defs for Latin Modern
)
LaTeX Font Info:    Trying to load font information for OMX+lmex on input line 8.
 (C:\Users\tsc\AppData\Local\Programs\MiKTeX\tex/latex/lm\omxlmex.fd
File: omxlmex.fd 2015/05/01 v1.6.1 Font defs for Latin Modern
)
LaTeX Font Info:    External font `lmex10' loaded for size
(Font)              <12> on input line 8.
LaTeX Font Info:    External font `lmex10' loaded for size
(Font)              <8> on input line 8.
LaTeX Font Info:    External font `lmex10' loaded for size
(Font)              <6> on input line 8.
LaTeX Font Info:    Trying to load font information for U+rsfs on input line 8.
 (C:\Users\tsc\AppData\Local\Programs\MiKTeX\tex/latex/jknappen\ursfs.fd
File: ursfs.fd 1998/03/24 rsfs font definition file (jk)
)
LaTeX Font Info:    Trying to load font information for U+msa on input line 8.
 (C:\Users\tsc\AppData\Local\Programs\MiKTeX\tex/latex/amsfonts\umsa.fd
File: umsa.fd 2013/01/14 v3.01 AMS symbols A
)
LaTeX Font Info:    Trying to load font information for U+msb on input line 8.
 (C:\Users\tsc\AppData\Local\Programs\MiKTeX\tex/latex/amsfonts\umsb.fd
File: umsb.fd 2013/01/14 v3.01 AMS symbols B
)
Overfull \hbox (14.2404pt too wide) in paragraph at lines 3--11
\OT1/lmr/m/n/12 Me-di-zin-tech-nik in Dia-gno-se-appli-ka-tio-nen oder als Mensch-Maschine-Schnittstelle in VR/AR-
 []



[5{C:/Users/tsc/AppData/Local/Programs/MiKTeX/fonts/enc/dvips/lm/lm-mathit.enc}{C:/Users/tsc/AppData/Local/Programs/MiKTeX/fonts/enc/dvips/lm/lm-mathsy.enc}]

[6


])

[7]

[8


] (diss.toc
Overfull \hbox (2.9875pt too wide) detected at line 5
 []\OT1/lmss/bx/n/12 xxiii
 []


Overfull \hbox (0.39226pt too wide) detected at line 7
 []\OT1/lmr/m/n/12 xxv
 []


Overfull \hbox (6.92024pt too wide) detected at line 8
 []\OT1/lmr/m/n/12 xxvii
 []



[9])

Package babel Info: 'ngerman' activates 'ngerman' shorthands.
(babel)             Reported on input line 206.
[10] (diss.lof
Overfull \hbox (14.52144pt too wide) in paragraph at lines 5--5
 \OT1/lmr/m/n/12 Elip-soid-ge-lenk, 2 Sat-tel-ge-lenk, 3 Ku-gel-ge-lenk, 4 Schar-nier-ge-lenk.(Abbildungen 
 []


Underfull \vbox (badness 10000) has occurred while \output is active []



[11


]
Overfull \hbox (1.99223pt too wide) in paragraph at lines 25--25
 [][] [][][]\OT1/lmr/m/n/12 Ubertragunsmechanismus: Ei-ne Span-nungs-quel-le er-zeugt einen Strom durch 
 []


Underfull \vbox (badness 10000) has occurred while \output is active []



[12]
Overfull \hbox (7.81352pt too wide) in paragraph at lines 32--32
 \OT1/lmr/m/n/12 derf[]ormigen Ele-ment, so-wie Ge-len-ken die die-se ver-bin-den und die M[]oglichkeit 
 []


Underfull \vbox (badness 10000) has occurred while \output is active []



[13]
Underfull \vbox (badness 10000) has occurred while \output is active []



[14]
LaTeX Font Info:    Trying to load font information for TS1+lmr on input line 43.
 (C:\Users\tsc\AppData\Local\Programs\MiKTeX\tex/latex/lm\ts1lmr.fd
File: ts1lmr.fd 2015/05/01 v1.6.1 Font defs for Latin Modern
)
Underfull \vbox (badness 10000) has occurred while \output is active []



[15{C:/Users/tsc/AppData/Local/Programs/MiKTeX/fonts/enc/dvips/lm/lm-ts1.enc}]
Overfull \hbox (28.39041pt too wide) in paragraph at lines 53--53
 [][] [][]\OT1/lmr/m/n/12 Auf der lin-ken Sei-te ist die Stan-dard-ab-wei-chung der Ori-en-tie-rung in Abh[]angigkeit 
 []


Underfull \vbox (badness 10000) has occurred while \output is active []



[16]
Overfull \hbox (23.40854pt too wide) in paragraph at lines 70--70
 \OT1/lmr/m/n/12 Streben mit je-weils zwei Sen-so-ren und zwei op-ti-schen Mar-kern f[]ur $\OML/lmm/m/it/12 x$\OT1/lmr/m/n/12 (rot),$\OML/lmm/m/it/12 y$\OT1/lmr/m/n/12 (gr[]un) 
 []

LaTeX Font Info:    External font `lmex10' loaded for size
(Font)              <10> on input line 75.
LaTeX Font Info:    External font `lmex10' loaded for size
(Font)              <7> on input line 75.
LaTeX Font Info:    External font `lmex10' loaded for size
(Font)              <5> on input line 75.
)

[17]

[18


] (diss.lot) (diss.als

[19]

[20


]) (diss.pls

[21


]

[22


]
Underfull \hbox (badness 10000) in paragraph at lines 1--5

 []

)

[23


]

[24


] (diss.sls

[25]

[26]) (diss.ols

[27]) (01_einleitung/einleitung.tex

[28]
chapter 1.
<01_einleitung/images/Robot_Surgerey.pdf, id=799, 845.04686pt x 597.50786pt>
File: 01_einleitung/images/Robot_Surgerey.pdf Graphic file (type pdf)
<use 01_einleitung/images/Robot_Surgerey.pdf>
Package pdftex.def Info: 01_einleitung/images/Robot_Surgerey.pdf  used on input line 17.
(pdftex.def)             Requested size: 318.66948pt x 225.32307pt.

LaTeX Warning: `h' float specifier changed to `ht'.



[1


]
Underfull \vbox (badness 4479) has occurred while \output is active []



[2 <./01_einleitung/images/Robot_Surgerey.pdf>])
Underfull \vbox (badness 10000) has occurred while \output is active []



[3] (02_grundlagen/grundlagen.tex

[4]
chapter 2.
<02_grundlagen/images/Gelenkarten.pdf, id=853, 845.04686pt x 597.50786pt>
File: 02_grundlagen/images/Gelenkarten.pdf Graphic file (type pdf)
<use 02_grundlagen/images/Gelenkarten.pdf>
Package pdftex.def Info: 02_grundlagen/images/Gelenkarten.pdf  used on input line 15.
(pdftex.def)             Requested size: 341.43307pt x 241.41496pt.

Underfull \hbox (badness 2617) in paragraph at lines 21--21
[][][]|\OT1/lmr/m/n/12 Sche-ma-ti-sche Dar-stel-lung der Ge-len-ke mit den Be-we-gungs-rich-tun-
 []


LaTeX Warning: `h' float specifier changed to `ht'.

<02_grundlagen/images/Gelenkzuordnung.pdf, id=860, 845.04686pt x 597.50786pt>
File: 02_grundlagen/images/Gelenkzuordnung.pdf Graphic file (type pdf)
<use 02_grundlagen/images/Gelenkzuordnung.pdf>
Package pdftex.def Info: 02_grundlagen/images/Gelenkzuordnung.pdf  used on input line 34.
(pdftex.def)             Requested size: 227.62206pt x 160.94635pt.


[5


]

[6 <./02_grundlagen/images/Gelenkarten.pdf> <./02_grundlagen/images/Gelenkzuordnung.pdf

pdfTeX warning: pdflatex (file ./02_grundlagen/images/Gelenkzuordnung.pdf): PDF inclusion: multiple pdfs with page group included in a single page
>]
<02_grundlagen/images/Def_ModellDrehung.png, id=881, 845.40843pt x 597.73312pt>
File: 02_grundlagen/images/Def_ModellDrehung.png Graphic file (type png)
<use 02_grundlagen/images/Def_ModellDrehung.png>
Package pdftex.def Info: 02_grundlagen/images/Def_ModellDrehung.png  used on input line 50.
(pdftex.def)             Requested size: 455.24411pt x 321.86813pt.

Underfull \vbox (badness 10000) has occurred while \output is active []



[7 <./02_grundlagen/images/Def_ModellDrehung.png>]
<02_grundlagen/images/Optical_camera.jpg, id=890, 752.8125pt x 752.8125pt>
File: 02_grundlagen/images/Optical_camera.jpg Graphic file (type jpg)
<use 02_grundlagen/images/Optical_camera.jpg>
Package pdftex.def Info: 02_grundlagen/images/Optical_camera.jpg  used on input line 125.
(pdftex.def)             Requested size: 159.33821pt x 159.33588pt.
<02_grundlagen/images/optical_marker.jpg, id=893, 200.75pt x 200.75pt>
File: 02_grundlagen/images/optical_marker.jpg Graphic file (type jpg)
<use 02_grundlagen/images/optical_marker.jpg>
Package pdftex.def Info: 02_grundlagen/images/optical_marker.jpg  used on input line 130.
(pdftex.def)             Requested size: 159.33821pt x 159.34735pt.


[8{C:/Users/tsc/AppData/Local/Programs/MiKTeX/fonts/enc/dvips/lm/lm-mathex.enc}]
<02_grundlagen/images/Kamerapositionierung.png, id=911, 1476.26532pt x 726.46407pt>
File: 02_grundlagen/images/Kamerapositionierung.png Graphic file (type png)
<use 02_grundlagen/images/Kamerapositionierung.png>
Package pdftex.def Info: 02_grundlagen/images/Kamerapositionierung.png  used on input line 150.
(pdftex.def)             Requested size: 227.62206pt x 112.00218pt.
<02_grundlagen/images/rigidbody.jpeg, id=914, 462.22687pt x 443.40656pt>
File: 02_grundlagen/images/rigidbody.jpeg Graphic file (type jpg)
<use 02_grundlagen/images/rigidbody.jpeg>
Package pdftex.def Info: 02_grundlagen/images/rigidbody.jpeg  used on input line 156.
(pdftex.def)             Requested size: 136.57462pt x 131.01353pt.


LaTeX Warning: `h' float specifier changed to `ht'.



[9 <./02_grundlagen/images/Optical_camera.jpg> <./02_grundlagen/images/optical_marker.jpg>]
<02_grundlagen/images/Manus_Glove.png, id=929, 497.60907pt x 735.49782pt>
File: 02_grundlagen/images/Manus_Glove.png Graphic file (type png)
<use 02_grundlagen/images/Manus_Glove.png>
Package pdftex.def Info: 02_grundlagen/images/Manus_Glove.png  used on input line 176.
(pdftex.def)             Requested size: 113.81102pt x 168.21823pt.


[10 <./02_grundlagen/images/Kamerapositionierung.png> <./02_grundlagen/images/rigidbody.jpeg> <./02_grundlagen/images/Manus_Glove.png>] (02_grundlagen/images/fluxgate_Frequency.tikz)

LaTeX Warning: `h' float specifier changed to `ht'.



[11] (02_grundlagen/images/FluxGate_Noise.tikz
Package pgfplots info on input line 33: Using 'lua backend=false' for axis: ymode=log unsupported (yet).
)
<02_grundlagen/images/FLC_100.jpg, id=955, 489.32813pt x 237.13594pt>
File: 02_grundlagen/images/FLC_100.jpg Graphic file (type jpg)
<use 02_grundlagen/images/FLC_100.jpg>
Package pdftex.def Info: 02_grundlagen/images/FLC_100.jpg  used on input line 225.
(pdftex.def)             Requested size: 227.62206pt x 110.31049pt.

Overfull \hbox (50.97302pt too wide) in paragraph at lines 220--226
 [][][] 
 []


LaTeX Warning: `h' float specifier changed to `ht'.

<02_grundlagen/images/Übersicht.png, id=958, 845.40843pt x 597.73312pt>
File: 02_grundlagen/images/Übersicht.png Graphic file (type png)
<use 02_grundlagen/images/Übersicht.png>
Package pdftex.def Info: 02_grundlagen/images/Übersicht.png  used on input line 241.
(pdftex.def)             Requested size: 455.24411pt x 321.86813pt.

Overfull \hbox (6.94412pt too wide) in paragraph at lines 242--242
 \OT1/lmr/m/n/12 Wandler 
 []


LaTeX Warning: `h' float specifier changed to `ht'.



[12]) (03_raeumliches_merkmal/raeumliches_merkmal.tex

[13 <./02_grundlagen/images/FLC_100.jpg>]

[14 <./02_grundlagen/images/Übersicht.png>]
chapter 3.


[15


]
<03_raeumliches_merkmal/images/BiotSavartDiff.png, id=994, 845.40843pt x 597.73312pt>
File: 03_raeumliches_merkmal/images/BiotSavartDiff.png Graphic file (type png)
<use 03_raeumliches_merkmal/images/BiotSavartDiff.png>
Package pdftex.def Info: 03_raeumliches_merkmal/images/BiotSavartDiff.png  used on input line 57.
(pdftex.def)             Requested size: 318.66948pt x 225.3077pt.


LaTeX Warning: `h' float specifier changed to `ht'.



[16]

[17 <./03_raeumliches_merkmal/images/BiotSavartDiff.png>] (03_raeumliches_merkmal/images/DipFieldAbsFarbBild.tikz
Missing character: There is no ] in font nullfont!
<03_raeumliches_merkmal/images/DipFieldAbsFarbBild-1.png, id=1035, 101.37875pt x 101.37875pt>
File: 03_raeumliches_merkmal/images/DipFieldAbsFarbBild-1.png Graphic file (type png)
<use 03_raeumliches_merkmal/images/DipFieldAbsFarbBild-1.png>
Package pdftex.def Info: 03_raeumliches_merkmal/images/DipFieldAbsFarbBild-1.png  used on input line 153.
(pdftex.def)             Requested size: 218.9841pt x 218.9841pt.
LaTeX Font Info:    External font `lmex10' loaded for size
(Font)              <14.4> on input line 153.
) (03_raeumliches_merkmal/images/DipoleAbsFlaeche.tikz)

[18]

LaTeX Warning: Text page 19 contains only floats.



[19 <./03_raeumliches_merkmal/images/DipFieldAbsFarbBild-1.png>] (03_raeumliches_merkmal/images/3d-coil.tikz)
<03_raeumliches_merkmal/images/Real_3D_Coil_with_legend.pdf, id=1063, 845.04686pt x 597.50786pt>
File: 03_raeumliches_merkmal/images/Real_3D_Coil_with_legend.pdf Graphic file (type pdf)
<use 03_raeumliches_merkmal/images/Real_3D_Coil_with_legend.pdf>
Package pdftex.def Info: 03_raeumliches_merkmal/images/Real_3D_Coil_with_legend.pdf  used on input line 191.
(pdftex.def)             Requested size: 227.62206pt x 160.94635pt.


[20 <./03_raeumliches_merkmal/images/Real_3D_Coil_with_legend.pdf>] (03_raeumliches_merkmal/images/Freq_Spule.tikz)
Overfull \hbox (11.2878pt too wide) in paragraph at lines 217--218
\OT1/lmr/m/n/12 Der Ma-xi-mal-vek-tor ist ein Si-gnal-merk-mal, das ver-wen-det wer-den kann, wenn 3D-Aktuatoren
 []



[21]
<04_lokalisierung/images/Angledescription.pdf, id=1089, 845.04686pt x 597.50786pt>
File: 04_lokalisierung/images/Angledescription.pdf Graphic file (type pdf)
<use 04_lokalisierung/images/Angledescription.pdf>
Package pdftex.def Info: 04_lokalisierung/images/Angledescription.pdf  used on input line 233.
(pdftex.def)             Requested size: 318.66948pt x 225.32307pt.


[22 <./04_lokalisierung/images/Angledescription.pdf>]

[23]
<03_raeumliches_merkmal/images/MaxvectorAngles.png, id=1118, 845.40843pt x 597.73312pt>
File: 03_raeumliches_merkmal/images/MaxvectorAngles.png Graphic file (type png)
<use 03_raeumliches_merkmal/images/MaxvectorAngles.png>
Package pdftex.def Info: 03_raeumliches_merkmal/images/MaxvectorAngles.png  used on input line 331.
(pdftex.def)             Requested size: 455.24411pt x 199.29791pt.


[24 <./03_raeumliches_merkmal/images/MaxvectorAngles.png>] (04_lokalisierung/images/potentialposes.tikz
Missing character: There is no ] in font nullfont!
LaTeX Font Info:    External font `lmex10' loaded for size
(Font)              <10.95> on input line 96.
)

[25]

[26]) (04_umsetzung/umsetzung.tex

[27]

[28


]
chapter 4.
<04_umsetzung/images/Überblick_signalverarbeitung.png, id=1167, 845.40843pt x 597.73312pt>
File: 04_umsetzung/images/Überblick_signalverarbeitung.png Graphic file (type png)
<use 04_umsetzung/images/Überblick_signalverarbeitung.png>
Package pdftex.def Info: 04_umsetzung/images/Überblick_signalverarbeitung.png  used on input line 6.
(pdftex.def)             Requested size: 455.24411pt x 168.65536pt.

Overfull \hbox (6.94412pt too wide) in paragraph at lines 7--7
 \OT1/lmr/m/n/12 Wandler 
 []


Overfull \hbox (6.61795pt too wide) in paragraph at lines 9--9
 [][]\OT1/lmr/m/n/12 Magnet- 
 []


Overfull \hbox (11.90982pt too wide) in paragraph at lines 9--9
 \OT1/lmr/m/n/12 feldsignal[] 
 []


Overfull \hbox (1.72127pt too wide) in paragraph at lines 10--10
 []\OT1/lmr/m/n/12 Vorver- 
 []


Overfull \hbox (13.14996pt too wide) in paragraph at lines 10--10
 \OT1/lmr/m/n/12 arbeitung 
 []


Overfull \hbox (18.10716pt too wide) in paragraph at lines 11--11
[]\OT1/lmr/m/n/12 Merkmals-
 []


Overfull \hbox (23.26755pt too wide) in paragraph at lines 13--13
 \OT1/lmr/m/n/12 generierung 
 []


Overfull \hbox (9.22826pt too wide) in paragraph at lines 14--14
 []\OT1/lmr/m/n/12 Nachver- 
 []


Overfull \hbox (13.14996pt too wide) in paragraph at lines 14--14
 \OT1/lmr/m/n/12 arbeitung 
 []



[29 <./04_umsetzung/images/Überblick_signalverarbeitung.png>]
<04_umsetzung/images/Uebertragunsmechanismus.pdf, id=1175, 845.04686pt x 597.50786pt>
File: 04_umsetzung/images/Uebertragunsmechanismus.pdf Graphic file (type pdf)
<use 04_umsetzung/images/Uebertragunsmechanismus.pdf>
Package pdftex.def Info: 04_umsetzung/images/Uebertragunsmechanismus.pdf  used on input line 24.
(pdftex.def)             Requested size: 409.71692pt x 289.69978pt.

Overfull \hbox (12.98445pt too wide) in paragraph at lines 25--25
[]\OT1/lmr/m/n/12 Fluxgate-
 []


Overfull \hbox (36.97592pt too wide) in paragraph at lines 25--25
\OT1/lmr/m/n/12 magnetometer 
 []


Underfull \hbox (badness 10000) in paragraph at lines 28--28
[][]\OT1/lmr/m/n/12 Strom-
 []


Overfull \hbox (6.61795pt too wide) in paragraph at lines 29--29
[][]\OT1/lmr/m/n/12 Magnet-
 []


Overfull \hbox (11.90982pt too wide) in paragraph at lines 29--29
\OT1/lmr/m/n/12 feldsignal[] 
 []


Underfull \hbox (badness 10000) in paragraph at lines 33--33
[]\OT1/lmr/m/n/12 AD-
 []


Overfull \hbox (6.94412pt too wide) in paragraph at lines 33--33
\OT1/lmr/m/n/12 Wandler 
 []


Underfull \hbox (badness 10000) in paragraph at lines 34--34
[]\OT1/lmr/m/n/12 AD-
 []


Overfull \hbox (6.94412pt too wide) in paragraph at lines 34--34
\OT1/lmr/m/n/12 Wandler 
 []



[30 <./04_umsetzung/images/Uebertragunsmechanismus.pdf>]
Overfull \hbox (5.77197pt too wide) in paragraph at lines 55--56
\OT1/lmr/m/n/12 zwei-ter Ord-nung mit den Eck-fre-quen-zen bei 600 und 800Hz ver-wen-det. Um die Verz[]ogerung
 []

(04_umsetzung/images/Tiefpass.tikz) (04_umsetzung/images/Bandpass.tikz)
Overfull \hbox (55.48895pt too wide) in paragraph at lines 66--71
[][][] 
 []

<04_umsetzung/images/UebersichtVorverarbeitung.pdf, id=1190, 845.04686pt x 597.50786pt>
File: 04_umsetzung/images/UebersichtVorverarbeitung.pdf Graphic file (type pdf)
<use 04_umsetzung/images/UebersichtVorverarbeitung.pdf>
Package pdftex.def Info: 04_umsetzung/images/UebersichtVorverarbeitung.pdf  used on input line 87.
(pdftex.def)             Requested size: 364.19667pt x 257.51599pt.

LaTeX Warning: `h' float specifier changed to `ht'.



[31]

[32 <./04_umsetzung/images/UebersichtVorverarbeitung.pdf>] (04_lokalisierung/images/DipoleTrack.tikz)

[33

]

[34] (04_lokalisierung/images/Zerocrossingfinal.tikz
Missing character: There is no ] in font nullfont!
) (04_lokalisierung/images//ZerocrossingSig.tikz)

[35]
Overfull \hbox (33.08397pt too wide) detected at line 211
[][][]\OML/lmm/m/it/12 b\OT1/lmr/m/n/12 (\OML/lmm/m/it/12 n\OT1/lmr/m/n/12 ) = \OML/lmm/m/it/12 i\OT1/lmr/m/n/12 (\OML/lmm/m/it/12 m[] g[] []\OT1/lmr/m/n/12 (\OML/lmm/m/it/12 ![]T[] n\OT1/lmr/m/n/12 ) [](\OML/lmm/m/it/12 ![]T[] n\OT1/lmr/m/n/12 ) + \OML/lmm/m/it/12 m[] g[] []\OT1/lmr/m/n/12 (\OML/lmm/m/it/12 ![]T[] n\OT1/lmr/m/n/12 ) [](\OML/lmm/m/it/12 ![]T[]\OT1/lmr/m/n/12 ) + \OML/lmm/m/it/12 m[] g[] []\OT1/lmr/m/n/12 (\OML/lmm/m/it/12 ![]T[] n\OT1/lmr/m/n/12 ))\OML/lmm/m/it/12 ;
 []



[36
pdfTeX warning (ext4): destination with the same identifier (name{equation.4.14}) has been already used, duplicate ignored
<argument> ...shipout:D \box_use:N \l_shipout_box 
                                                  \__shipout_drop_firstpage_...
l.234 \end{equation}
                    ] (04_umsetzung/images/Ausreisser_G.tikz) (04_umsetzung/images/G_median.tikz)
<04_umsetzung/images/Uebersicht_Merkmalsext.pdf, id=1257, 845.04686pt x 597.50786pt>
File: 04_umsetzung/images/Uebersicht_Merkmalsext.pdf Graphic file (type pdf)
<use 04_umsetzung/images/Uebersicht_Merkmalsext.pdf>
Package pdftex.def Info: 04_umsetzung/images/Uebersicht_Merkmalsext.pdf  used on input line 283.
(pdftex.def)             Requested size: 455.24411pt x 321.8927pt.

Underfull \hbox (badness 10000) in paragraph at lines 285--285
[]\OT1/lmr/m/n/12 Sch[]atzung
 []


Underfull \hbox (badness 10000) in paragraph at lines 285--285
\OT1/lmr/m/n/12 vek-to-ri-el-les
 []


Underfull \hbox (badness 10000) in paragraph at lines 286--286
[]\OT1/lmr/m/n/12 Sch[]atzung
 []


Underfull \hbox (badness 10000) in paragraph at lines 286--286
\OT1/lmr/m/n/12 Di-stanz-
 []


LaTeX Warning: `h' float specifier changed to `ht'.



[37]

[38 <./04_umsetzung/images/Uebersicht_Merkmalsext.pdf>]
<04_umsetzung/images/Sensorplacement.pdf, id=1279, 845.04686pt x 597.50786pt>
File: 04_umsetzung/images/Sensorplacement.pdf Graphic file (type pdf)
<use 04_umsetzung/images/Sensorplacement.pdf>
Package pdftex.def Info: 04_umsetzung/images/Sensorplacement.pdf  used on input line 313.
(pdftex.def)             Requested size: 455.24411pt x 245.25159pt.


LaTeX Warning: `!h' float specifier changed to `!ht'.



[39

]

pdfTeX warning: pdflatex (file ./04_umsetzung/images/Flussdiagramm.pdf): PDF inclusion: found PDF version <1.7>, but at most version <1.5> allowed
<04_umsetzung/images/Flussdiagramm.pdf, id=1293, 845.07718pt x 597.19106pt>
File: 04_umsetzung/images/Flussdiagramm.pdf Graphic file (type pdf)
<use 04_umsetzung/images/Flussdiagramm.pdf>
Package pdftex.def Info: 04_umsetzung/images/Flussdiagramm.pdf  used on input line 359.
(pdftex.def)             Requested size: 318.66948pt x 359.86913pt.

LaTeX Warning: `h' float specifier changed to `ht'.

(04_lokalisierung/images/legend.tikz
Overfull \hbox (3.01138pt too wide) in paragraph at lines 8--8
[][]\OT1/lmr/m/n/12 M[]ogliche 
 []


Overfull \hbox (13.78117pt too wide) in paragraph at lines 12--12
[][]\OT1/lmr/m/n/12 Normierter 
 []


Overfull \hbox (13.27773pt too wide) in paragraph at lines 14--14
[][]\OT1/lmr/m/n/12 Gesch[]atzte 
 []

)
<04_lokalisierung/images/PotentialPoses_for_Inkscape_Setup_grid.png, id=1295, 787.44188pt x 619.56468pt>
File: 04_lokalisierung/images/PotentialPoses_for_Inkscape_Setup_grid.png Graphic file (type png)
<use 04_lokalisierung/images/PotentialPoses_for_Inkscape_Setup_grid.png>
Package pdftex.def Info: 04_lokalisierung/images/PotentialPoses_for_Inkscape_Setup_grid.png  used on input line 377.
(pdftex.def)             Requested size: 95.1681pt x 105.3246pt.
<04_lokalisierung/images/PotentialPoses_for_Inkscape_Setup_Iteration1_grid.png, id=1296, 787.44188pt x 619.56468pt>
File: 04_lokalisierung/images/PotentialPoses_for_Inkscape_Setup_Iteration1_grid.png Graphic file (type png)
<use 04_lokalisierung/images/PotentialPoses_for_Inkscape_Setup_Iteration1_grid.png>
Package pdftex.def Info: 04_lokalisierung/images/PotentialPoses_for_Inkscape_Setup_Iteration1_grid.png  used on input line 382.
(pdftex.def)             Requested size: 95.1681pt x 105.3246pt.
<04_lokalisierung/images/PotentialPoses_for_Inkscape_Setup_Iteration2_grid.png, id=1297, 787.44188pt x 619.56468pt>
File: 04_lokalisierung/images/PotentialPoses_for_Inkscape_Setup_Iteration2_grid.png Graphic file (type png)
<use 04_lokalisierung/images/PotentialPoses_for_Inkscape_Setup_Iteration2_grid.png>
Package pdftex.def Info: 04_lokalisierung/images/PotentialPoses_for_Inkscape_Setup_Iteration2_grid.png  used on input line 387.
(pdftex.def)             Requested size: 95.1681pt x 105.3246pt.
<04_lokalisierung/images/PotentialPoses_for_Inkscape_Setup_Iteration4_grid.png, id=1298, 787.44188pt x 619.56468pt>
File: 04_lokalisierung/images/PotentialPoses_for_Inkscape_Setup_Iteration4_grid.png Graphic file (type png)
<use 04_lokalisierung/images/PotentialPoses_for_Inkscape_Setup_Iteration4_grid.png>
Package pdftex.def Info: 04_lokalisierung/images/PotentialPoses_for_Inkscape_Setup_Iteration4_grid.png  used on input line 392.
(pdftex.def)             Requested size: 95.1681pt x 105.3246pt.


LaTeX Warning: `h' float specifier changed to `ht'.

(04_umsetzung/images/ConvergenceSpeed.tikz)
Underfull \vbox (badness 1371) has occurred while \output is active []



[40 <./04_umsetzung/images/Sensorplacement.pdf>]

[41 <./04_umsetzung/images/Flussdiagramm.pdf>]
<04_lokalisierung/images/Visualisierung_Uniqueness_gedreht.pdf, id=1337, 845.04686pt x 597.50786pt>
File: 04_lokalisierung/images/Visualisierung_Uniqueness_gedreht.pdf Graphic file (type pdf)
<use 04_lokalisierung/images/Visualisierung_Uniqueness_gedreht.pdf>
Package pdftex.def Info: 04_lokalisierung/images/Visualisierung_Uniqueness_gedreht.pdf  used on input line 435.
(pdftex.def)             Requested size: 227.62206pt x 160.94635pt.
<04_lokalisierung/images/Eindeutigkeit_Ebene.pdf, id=1338, 845.04686pt x 597.50786pt>
File: 04_lokalisierung/images/Eindeutigkeit_Ebene.pdf Graphic file (type pdf)
<use 04_lokalisierung/images/Eindeutigkeit_Ebene.pdf>
Package pdftex.def Info: 04_lokalisierung/images/Eindeutigkeit_Ebene.pdf  used on input line 445.
(pdftex.def)             Requested size: 227.62206pt x 160.94635pt.

Overfull \hbox (23.49847pt too wide) in paragraph at lines 435--446
 [][][] 
 []


LaTeX Warning: `!h' float specifier changed to `!ht'.



[42 <./04_lokalisierung/images/PotentialPoses_for_Inkscape_Setup_grid.png> <./04_lokalisierung/images/PotentialPoses_for_Inkscape_Setup_Iteration1_grid.png> <./04_lokalisierung/images/PotentialPoses_for_Inkscape_Setup_Iteration2_grid.png> <./04_lokalisierung/images/PotentialPoses_for_Inkscape_Setup_Iteration4_grid.png>]

[43 <./04_lokalisierung/images/Visualisierung_Uniqueness_gedreht.pdf> <./04_lokalisierung/images/Eindeutigkeit_Ebene.pdf

pdfTeX warning: pdflatex (file ./04_lokalisierung/images/Eindeutigkeit_Ebene.pdf): PDF inclusion: multiple pdfs with page group included in a single page
>] (04_lokalisierung/images/q0_05_Unique.tikz
Missing character: There is no , in font nullfont!
Missing character: There is no f in font nullfont!
Missing character: There is no o in font nullfont!
Missing character: There is no n in font nullfont!
Missing character: There is no t in font nullfont!
Missing character: There is no = in font nullfont!
)
Overfull \hbox (378.55836pt too wide) in paragraph at lines 474--475
[][] 
 []

(04_lokalisierung/images/q05_10_Unique.tikz
Missing character: There is no , in font nullfont!
Missing character: There is no f in font nullfont!
Missing character: There is no o in font nullfont!
Missing character: There is no n in font nullfont!
Missing character: There is no t in font nullfont!
Missing character: There is no = in font nullfont!
) (04_lokalisierung/images/q11_16_Unique.tikz
Missing character: There is no , in font nullfont!
Missing character: There is no f in font nullfont!
Missing character: There is no o in font nullfont!
Missing character: There is no n in font nullfont!
Missing character: There is no t in font nullfont!
Missing character: There is no = in font nullfont!
)
Overfull \hbox (268.94228pt too wide) in paragraph at lines 488--489
[][] 
 []

(04_umsetzung/images/noConvergence.tikz)

LaTeX Warning: `h' float specifier changed to `ht'.


Overfull \hbox (4.69589pt too wide) in paragraph at lines 506--507
[]\OT1/lmr/m/n/12 In der sp[]ateren An-wen-dung muss dies be-ach-tet wer-den, wo-bei bei ei-ner Sensorhandschuh-
 []



[44]
<04_umsetzung/images/Fingerdicke_zusatzlaenge.png, id=1377, 845.40843pt x 597.73312pt>
File: 04_umsetzung/images/Fingerdicke_zusatzlaenge.png Graphic file (type png)
<use 04_umsetzung/images/Fingerdicke_zusatzlaenge.png>
Package pdftex.def Info: 04_umsetzung/images/Fingerdicke_zusatzlaenge.png  used on input line 523.
(pdftex.def)             Requested size: 227.62206pt x 160.93407pt.
<04_umsetzung/images/Winkel_DickeKorr.png, id=1378, 845.40843pt x 597.73312pt>
File: 04_umsetzung/images/Winkel_DickeKorr.png Graphic file (type png)
<use 04_umsetzung/images/Winkel_DickeKorr.png>
Package pdftex.def Info: 04_umsetzung/images/Winkel_DickeKorr.png  used on input line 532.
(pdftex.def)             Requested size: 227.62206pt x 160.93407pt.

Overfull \hbox (31.3317pt too wide) in paragraph at lines 523--533
 [][][] 
 []


LaTeX Warning: `!h' float specifier changed to `!ht'.



[45]

LaTeX Warning: Command \l invalid in math mode on input line 555.



[46 <./04_umsetzung/images/Fingerdicke_zusatzlaenge.png> <./04_umsetzung/images/Winkel_DickeKorr.png>]

[47]
<04_umsetzung/images/Abs_Flache_curve.png, id=1418, 421.575pt x 316.18124pt>
File: 04_umsetzung/images/Abs_Flache_curve.png Graphic file (type png)
<use 04_umsetzung/images/Abs_Flache_curve.png>
Package pdftex.def Info: 04_umsetzung/images/Abs_Flache_curve.png  used on input line 636.
(pdftex.def)             Requested size: 318.66948pt x 239.00726pt.


LaTeX Warning: `!h' float specifier changed to `!ht'.



[48]

[49 <./04_umsetzung/images/Abs_Flache_curve.png (PNG copy)>] (04_lokalisierung/images/legend_abslocal.tikz
Overfull \hbox (23.6387pt too wide) in paragraph at lines 13--13
[][][]\OT1/lmr/m/n/12 Aquibetrags- 
 []


Overfull \hbox (2.4278pt too wide) in paragraph at lines 17--17
[][]\OT1/lmr/m/n/12 Sensoren  
 []

) (04_umsetzung/images/AbsLocalIteration1.tikz) (04_umsetzung/images/AbsLocalIteration2.tikz) (04_umsetzung/images/AbsLocalIteration3.tikz) (04_umsetzung/images/AbsLocalIteration7.tikz)
Overfull \hbox (17.02972pt too wide) in paragraph at lines 682--701
 [] [][][][] 
 []

(04_umsetzung/images/ProblemAbslocal.tikz)

[50]
Underfull \vbox (badness 10000) has occurred while \output is active []



[51] (04_umsetzung/images/MaxvectorsGlob.tikz) (04_umsetzung/images/MaxvectorsLocal.tikz) (04_umsetzung/images/MaxvectorsGlob_AnsichtGedreht.tikz)
Underfull \hbox (badness 2781) in paragraph at lines 774--774
[][][]|\OT1/lmr/m/n/10.95 Glo-ba-les Ko-or-di-na-ten-sys-tem mit
 []



[52
pdfTeX warning (ext4): destination with the same identifier (name{equation.4.53}) has been already used, duplicate ignored
<argument> ...shipout:D \box_use:N \l_shipout_box 
                                                  \__shipout_drop_firstpage_...
l.807 
      ]

[53]
<04_umsetzung/images/Uebersicht_Lok.pdf, id=1478, 845.04686pt x 597.50786pt>
File: 04_umsetzung/images/Uebersicht_Lok.pdf Graphic file (type pdf)
<use 04_umsetzung/images/Uebersicht_Lok.pdf>
Package pdftex.def Info: 04_umsetzung/images/Uebersicht_Lok.pdf  used on input line 852.
(pdftex.def)             Requested size: 455.24411pt x 321.8927pt.

Overfull \hbox (14.0944pt too wide) in paragraph at lines 854--854
[]\OT1/lmr/m/n/12 Positions-
 []


Overfull \hbox (14.52051pt too wide) in paragraph at lines 854--854
\OT1/lmr/m/n/12 sch[]atzung 
 []


Package amsfonts Warning: Obsolete command \bold; \mathbf should be used instead on input line 855.


Underfull \hbox (badness 10000) in paragraph at lines 859--859
[]\OT1/lmr/m/n/12 Orien-
 []


Overfull \hbox (8.97195pt too wide) in paragraph at lines 859--859
\OT1/lmr/m/n/12 tierungs-
 []


Overfull \hbox (14.52051pt too wide) in paragraph at lines 859--859
\OT1/lmr/m/n/12 sch[]atzung 
 []


Overfull \hbox (1.72284pt too wide) in paragraph at lines 862--862
[]\OT1/lmr/m/n/12 Kombi-
 []


LaTeX Warning: `h' float specifier changed to `ht'.



[54]

[55 <./04_umsetzung/images/Uebersicht_Lok.pdf>]
<04_umsetzung/images/Distance_to_angle.png, id=1500, 845.40843pt x 597.73312pt>
File: 04_umsetzung/images/Distance_to_angle.png Graphic file (type png)
<use 04_umsetzung/images/Distance_to_angle.png>
Package pdftex.def Info: 04_umsetzung/images/Distance_to_angle.png  used on input line 892.
(pdftex.def)             Requested size: 341.43307pt x 241.39653pt.
 (04_umsetzung/images/DisttoAngle_Angle.tikz)

[56 <./04_umsetzung/images/Distance_to_angle.png>]

[57] (04_umsetzung/images/FilterPost.tikz)

[58]

[59]
<04_umsetzung/images/Uebersicht_Postprocessing.pdf, id=1545, 845.04686pt x 597.50786pt>
File: 04_umsetzung/images/Uebersicht_Postprocessing.pdf Graphic file (type pdf)
<use 04_umsetzung/images/Uebersicht_Postprocessing.pdf>
Package pdftex.def Info: 04_umsetzung/images/Uebersicht_Postprocessing.pdf  used on input line 996.
(pdftex.def)             Requested size: 455.24411pt x 321.8927pt.

Overfull \hbox (5.12096pt too wide) in paragraph at lines 998--998
[]$\OML/lmm/m/it/12 ^^^[]; ^^R[]; []$ 
 []


Underfull \hbox (badness 10000) in paragraph at lines 1000--1000
\OT1/lmr/m/n/12 Win-ke-lum-
 []


Overfull \hbox (24.14684pt too wide) in paragraph at lines 1002--1002
[]\OT1/lmr/m/n/12 Bewegungs-
 []


Overfull \hbox (37.04198pt too wide) in paragraph at lines 1002--1002
\OT1/lmr/m/n/12 einschr[]ankung 
 []

)

LaTeX Warning: `h' float specifier changed to `ht'.

(05_eval/eval.tex

[60]

[61 <./04_umsetzung/images/Uebersicht_Postprocessing.pdf>]

[62


]
chapter 5.
<05_eval/images/HardwareSetup.pdf, id=1564, 845.04686pt x 597.50786pt>
File: 05_eval/images/HardwareSetup.pdf Graphic file (type pdf)
<use 05_eval/images/HardwareSetup.pdf>
Package pdftex.def Info: 05_eval/images/HardwareSetup.pdf  used on input line 11.
(pdftex.def)             Requested size: 364.19667pt x 257.51599pt.

LaTeX Warning: `!h' float specifier changed to `!ht'.



[63] (05_eval/images/VarianceMV.tikz
<05_eval/images/VarianceMV-1.png, id=1572, 90.3375pt x 90.3375pt>
File: 05_eval/images/VarianceMV-1.png Graphic file (type png)
<use 05_eval/images/VarianceMV-1.png>
Package pdftex.def Info: 05_eval/images/VarianceMV-1.png  used on input line 31.
(pdftex.def)             Requested size: 109.6216pt x 109.62436pt.
Package pgfplots info on input line 31: Using 'lua backend=false' for axis: ymode=log unsupported (yet).
) (05_eval/images/VarianceProj.tikz
<05_eval/images/VarianceProj-1.png, id=1575, 90.3375pt x 90.3375pt>
File: 05_eval/images/VarianceProj-1.png Graphic file (type png)
<use 05_eval/images/VarianceProj-1.png>
Package pdftex.def Info: 05_eval/images/VarianceProj-1.png  used on input line 31.
(pdftex.def)             Requested size: 109.6216pt x 109.62436pt.
Package pgfplots info on input line 31: Using 'lua backend=false' for axis: ymode=log unsupported (yet).
) (05_eval/images/ErrorProj.tikz
<05_eval/images/ErrorProj-1.png, id=1578, 90.3375pt x 90.3375pt>
File: 05_eval/images/ErrorProj-1.png Graphic file (type png)
<use 05_eval/images/ErrorProj-1.png>
Package pdftex.def Info: 05_eval/images/ErrorProj-1.png  used on input line 31.
(pdftex.def)             Requested size: 109.6216pt x 109.62436pt.
) (05_eval/images/FaktorVar.tikz
<05_eval/images/FaktorVar-1.png, id=1581, 90.3375pt x 90.3375pt>
File: 05_eval/images/FaktorVar-1.png Graphic file (type png)
<use 05_eval/images/FaktorVar-1.png>
Package pdftex.def Info: 05_eval/images/FaktorVar-1.png  used on input line 31.
(pdftex.def)             Requested size: 109.6216pt x 109.62436pt.
)
Overfull \hbox (30.86533pt too wide) in paragraph at lines 37--56
 [][][] 
 []


LaTeX Warning: `h' float specifier changed to `ht'.



[64 <./05_eval/images/HardwareSetup.pdf>]
<05_eval/images/FehlerFort.pdf, id=1599, 845.04686pt x 597.50786pt>
File: 05_eval/images/FehlerFort.pdf Graphic file (type pdf)
<use 05_eval/images/FehlerFort.pdf>
Package pdftex.def Info: 05_eval/images/FehlerFort.pdf  used on input line 70.
(pdftex.def)             Requested size: 318.66948pt x 225.32307pt.
 (05_eval/images/FehlerfortStdAb.tikz
<05_eval/images/FehlerfortStdAb-1.png, id=1600, 10.0375pt x 10.0375pt>
File: 05_eval/images/FehlerfortStdAb-1.png Graphic file (type png)
<use 05_eval/images/FehlerfortStdAb-1.png>
Package pdftex.def Info: 05_eval/images/FehlerfortStdAb-1.png  used on input line 31.
(pdftex.def)             Requested size: 120.52396pt x 114.49774pt.
) (05_eval/images/MeanErrorFort.tikz
<05_eval/images/MeanErrorFort-1.png, id=1603, 10.0375pt x 10.0375pt>
File: 05_eval/images/MeanErrorFort-1.png Graphic file (type png)
<use 05_eval/images/MeanErrorFort-1.png>
Package pdftex.def Info: 05_eval/images/MeanErrorFort-1.png  used on input line 31.
(pdftex.def)             Requested size: 120.52396pt x 114.49774pt.
)
Overfull \hbox (10.45087pt too wide) in paragraph at lines 82--88
 [][][] 
 []



[65 <./05_eval/images/VarianceMV-1.png> <./05_eval/images/VarianceProj-1.png> <./05_eval/images/ErrorProj-1.png> <./05_eval/images/FaktorVar-1.png>]

LaTeX Warning: `h' float specifier changed to `ht'.

(05_eval/images/SimpleMoveVekt.tikz) (05_eval/images/SimpleMoveVektSecond.tikz)

LaTeX Warning: `h' float specifier changed to `ht'.



[66 <./05_eval/images/FehlerFort.pdf>]

[67 <./05_eval/images/FehlerfortStdAb-1.png> <./05_eval/images/MeanErrorFort-1.png>] (05_eval/images/EZ_ZC.tikz
Missing character: There is no ] in font nullfont!
) (05_eval/images/EZ_ZC_full_period.tikz
Missing character: There is no ] in font nullfont!
)

[68] (05_eval/images/ZeroCrossingWithMotion.tikz)
<05_eval/images/demonstrator.png, id=1656, 845.40843pt x 597.73312pt>
File: 05_eval/images/demonstrator.png Graphic file (type png)
<use 05_eval/images/demonstrator.png>
Package pdftex.def Info: 05_eval/images/demonstrator.png  used on input line 162.
(pdftex.def)             Requested size: 341.43307pt x 241.39653pt.

Overfull \hbox (82.1787pt too wide) in paragraph at lines 164--164
[]\OT1/lmr/m/n/12 Fluxgatemagnetometer 
 []


LaTeX Warning: `h' float specifier changed to `ht'.



[69]
<05_eval/images/EvalAufbau_Pic.png, id=1665, 845.40843pt x 597.73312pt>
File: 05_eval/images/EvalAufbau_Pic.png Graphic file (type png)
<use 05_eval/images/EvalAufbau_Pic.png>
Package pdftex.def Info: 05_eval/images/EvalAufbau_Pic.png  used on input line 185.
(pdftex.def)             Requested size: 341.43307pt x 241.39653pt.


LaTeX Warning: `h' float specifier changed to `ht'.

<05_eval/images/Coordinate_transformation.png, id=1668, 845.40843pt x 597.73312pt>
File: 05_eval/images/Coordinate_transformation.png Graphic file (type png)
<use 05_eval/images/Coordinate_transformation.png>
Package pdftex.def Info: 05_eval/images/Coordinate_transformation.png  used on input line 202.
(pdftex.def)             Requested size: 227.62206pt x 160.93407pt.
<05_eval/images/OptischesKoord.png, id=1669, 845.40843pt x 597.73312pt>
File: 05_eval/images/OptischesKoord.png Graphic file (type png)
<use 05_eval/images/OptischesKoord.png>
Package pdftex.def Info: 05_eval/images/OptischesKoord.png  used on input line 209.
(pdftex.def)             Requested size: 227.62206pt x 160.93407pt.

Overfull \hbox (31.3317pt too wide) in paragraph at lines 202--210
 [][][] 
 []



[70 <./05_eval/images/demonstrator.png>]

[71 <./05_eval/images/EvalAufbau_Pic.png> <./05_eval/images/Coordinate_transformation.png> <./05_eval/images/OptischesKoord.png>]
<05_eval/images/Kalibrierung.pdf, id=1687, 845.04686pt x 597.50786pt>
File: 05_eval/images/Kalibrierung.pdf Graphic file (type pdf)
<use 05_eval/images/Kalibrierung.pdf>
Package pdftex.def Info: 05_eval/images/Kalibrierung.pdf  used on input line 238.
(pdftex.def)             Requested size: 341.43307pt x 241.41496pt.


[72 <./05_eval/images/Kalibrierung.pdf>]

LaTeX Warning: `h' float specifier changed to `ht'.

(05_eval/images/legend.tikz) (05_eval/images/FirstElementAnglesRaw.tikz) (05_eval/images/SecondElementAngleRaw.tikz) (05_eval/images/legend.tikz) (05_eval/images/FirstElement_Angle.tex) (05_eval/images/FirstElement_Error.tex)

LaTeX Warning: `h' float specifier changed to `ht'.



[73]

LaTeX Warning: `h' float specifier changed to `ht'.

(05_eval/images/legend.tikz) (05_eval/images/SecondElement_Angle.tex) (05_eval/images/SecondElement_Error.tex)
Overfull \hbox (0.6572pt too wide) in paragraph at lines 370--380
 [][] 
 []


LaTeX Warning: `h' float specifier changed to `ht'.

(05_eval/images/Angle1_lookup.tikz) (05_eval/images/Angle2_lookup.tikz)
Overfull \hbox (15.86554pt too wide) in paragraph at lines 390--395
 [][][] 
 []


LaTeX Warning: `h' float specifier changed to `ht'.



[74]

[75] (05_eval/images/FFTAngles.tikz) (05_eval/images/FFTMag.tikz)

LaTeX Warning: `h' float specifier changed to `ht'.



[76] (05_eval/images/AbsSimSensorSetup.tikz
Missing character: There is no ] in font nullfont!
)
<05_eval/images/AufbauAbslocal.png, id=1733, 597.73312pt x 845.40843pt>
File: 05_eval/images/AufbauAbslocal.png Graphic file (type png)
<use 05_eval/images/AufbauAbslocal.png>
Package pdftex.def Info: 05_eval/images/AufbauAbslocal.png  used on input line 439.
(pdftex.def)             Requested size: 182.09486pt x 257.54604pt.

Overfull \hbox (46.93434pt too wide) in paragraph at lines 434--440
 [][][] 
 []


LaTeX Warning: `h' float specifier changed to `ht'.



[77]

[78 <./05_eval/images/AufbauAbslocal.png>] (05_eval/images/StdAbweichung_Pos.tikz
<05_eval/images/StdAbweichung_Pos-1.png, id=1752, 50.1875pt x 50.1875pt>
File: 05_eval/images/StdAbweichung_Pos-1.png Graphic file (type png)
<use 05_eval/images/StdAbweichung_Pos-1.png>
Package pdftex.def Info: 05_eval/images/StdAbweichung_Pos-1.png  used on input line 31.
(pdftex.def)             Requested size: 110.62723pt x 110.63182pt.
) (05_eval/images/absoluterFehler_Pos.tikz
<05_eval/images/absoluterFehler_Pos-1.png, id=1755, 50.1875pt x 50.1875pt>
File: 05_eval/images/absoluterFehler_Pos-1.png Graphic file (type png)
<use 05_eval/images/absoluterFehler_Pos-1.png>
Package pdftex.def Info: 05_eval/images/absoluterFehler_Pos-1.png  used on input line 31.
(pdftex.def)             Requested size: 110.62723pt x 110.63182pt.
)
Overfull \hbox (35.28445pt too wide) in paragraph at lines 525--530
 [][][] 
 []


Overfull \hbox (27.59993pt too wide) in paragraph at lines 519--534
[] []\OT1/lmss/bx/n/12 Robustheit der Po-si-ti-onssch^^?atzung ge-gen Rau-schen[][] \OT1/lmr/m/n/12 Die Ro-bust-heit der Po-si-ti-onssch[]atzung
 []


LaTeX Warning: `h' float specifier changed to `ht'.



[79] (05_eval/images/Abhängigkeit_or_Pos.tikz)
Overfull \hbox (25.99734pt too wide) in paragraph at lines 541--542
 [][] 
 []

(05_eval/images/MovementComponent.tikz)
Underfull \hbox (badness 1648) in paragraph at lines 559--559
[][][]|\OT1/lmr/m/n/10.95 Ver-gleich $\OML/lmm/m/it/10.95 x$\OT1/lmr/m/n/10.95 -Komponente mit dem wah-ren
 []

(05_eval/images/FehlerBewegung.tikz)
Overfull \hbox (33.56593pt too wide) in paragraph at lines 559--565
 [][][] 
 []


LaTeX Warning: `h' float specifier changed to `ht'.



[80 <./05_eval/images/StdAbweichung_Pos-1.png> <./05_eval/images/absoluterFehler_Pos-1.png>]

[81]
<05_eval/images/SpatialSync_Abslocal.png, id=1799, 845.40843pt x 597.73312pt>
File: 05_eval/images/SpatialSync_Abslocal.png Graphic file (type png)
<use 05_eval/images/SpatialSync_Abslocal.png>
Package pdftex.def Info: 05_eval/images/SpatialSync_Abslocal.png  used on input line 586.
(pdftex.def)             Requested size: 318.66948pt x 225.3077pt.


[82 <./05_eval/images/SpatialSync_Abslocal.png>]

LaTeX Warning: `h' float specifier changed to `ht'.

(05_eval/images/DynEvalCompsPos.tikz)
Underfull \hbox (badness 1436) in paragraph at lines 689--689
[][][]|\OT1/lmr/m/n/12 Er-geb-nis der dy-na-mi-schen Eva-lu-ie-rung der Po-si-ti-onssch[]atzung: Es
 []


Underfull \hbox (badness 2057) in paragraph at lines 689--689
\OT1/lmr/m/n/12 sind die drei Po-si-ti-ons-kom-po-nen-ten dar-ge-stellt. Die ma-gne-ti-schen
 []


LaTeX Warning: `h' float specifier changed to `ht'.

(05_eval/images/legend_abslocal.tikz) (05_eval/images/DynEvalAngleTheta.tikz) (05_eval/images/DynEvalAnglePhi.tikz) (05_eval/images/DynEvalAnglePsi.tikz) (05_eval/images/DynEvalPosFehler.tikz) (05_eval/images/DynEvalWinkelfehler.tikz)

LaTeX Warning: `h' float specifier changed to `ht'.


LaTeX Warning: `h' float specifier changed to `ht'.



[83]

[84]
Underfull \vbox (badness 3302) has occurred while \output is active []



[85]) (06_ende/zusammenfassung_ausblick.tex

[86]
chapter 6.


[87


]

[88]
Overfull \hbox (12.09541pt too wide) in paragraph at lines 81--82
[]\OT1/lmr/m/n/12 An den Glei-chun-gen[]6.6[] und []6.7[] ist zu er-ken-nen, dass wenn die Spu-len mit $[][](\OML/lmm/m/it/12 ^^^[]; ^^R[]\OT1/lmr/m/n/12 )$,
 []

<06_ende/images/Verdeutlichung_orthogonaleVektoren.pdf, id=1866, 845.04686pt x 597.50786pt>
File: 06_ende/images/Verdeutlichung_orthogonaleVektoren.pdf Graphic file (type pdf)
<use 06_ende/images/Verdeutlichung_orthogonaleVektoren.pdf>
Package pdftex.def Info: 06_ende/images/Verdeutlichung_orthogonaleVektoren.pdf  used on input line 99.
(pdftex.def)             Requested size: 341.43307pt x 241.41496pt.


[89]

[90 <./06_ende/images/Verdeutlichung_orthogonaleVektoren.pdf>]

[91]
<06_ende/images/Prototyp.jpeg, id=1905, 873.2625pt x 542.025pt>
File: 06_ende/images/Prototyp.jpeg Graphic file (type jpg)
<use 06_ende/images/Prototyp.jpeg>
Package pdftex.def Info: 06_ende/images/Prototyp.jpeg  used on input line 180.
(pdftex.def)             Requested size: 318.66948pt x 197.79198pt.
<06_ende/images/Prototyp_Visualisierung.pdf, id=1907, 845.04686pt x 597.50786pt>
File: 06_ende/images/Prototyp_Visualisierung.pdf Graphic file (type pdf)
<use 06_ende/images/Prototyp_Visualisierung.pdf>
Package pdftex.def Info: 06_ende/images/Prototyp_Visualisierung.pdf  used on input line 189.
(pdftex.def)             Requested size: 318.66948pt x 225.32307pt.


LaTeX Warning: `h' float specifier changed to `ht'.

)

[92 <./06_ende/images/Prototyp.jpeg>]

[93 <./06_ende/images/Prototyp_Visualisierung.pdf>]

[94


]
chapter without number

Package biblatex Warning: Split bibliography detected.
(biblatex)                Many simple split bibliography setups with
(biblatex)                non-overlapping bibliographies benefit from
(biblatex)                setting 'defernumbers=true'.
(biblatex)                See the documentation for details.
(biblatex)                This warning can be suppressed with
(biblatex)                '\BiblatexSplitbibDefernumbersWarningOff'.


Package biblatex Warning: Split bibliography detected.
(biblatex)                Many simple split bibliography setups with
(biblatex)                non-overlapping bibliographies benefit from
(biblatex)                setting 'defernumbers=true'.
(biblatex)                See the documentation for details.
(biblatex)                This warning can be suppressed with
(biblatex)                '\BiblatexSplitbibDefernumbersWarningOff'.


Overfull \hbox (8.12898pt too wide) in paragraph at lines 263--263
[]\OT1/lmr/m/n/12 Manuel Caeiro-Rodr^^S^^Pguez, Iv^^San Otero-Gonz^^Salez, Fer-n-an-do A. Mikic-Fonte und Mart^^S^^Pn
 []



[95]

[96]
Overfull \hbox (41.63858pt too wide) in paragraph at lines 263--263
\OT1/lmr/m/it/12 Ap-p-li-ca-ti-ons \OT1/lmr/m/n/12 30.5 (2023). []eprint: htt-ps://onlinelibrary.wiley.com/doi/pdf/10.1002/nla.2492,
 []



[97]
Overfull \hbox (2.19225pt too wide) in paragraph at lines 263--263
[]\OT1/lmr/m/n/12 Jiawen Yi, Jiao-jiao Liu, Chu-an-long Zhang und Xiong Lu. []  Ma-gne-tic Mo-ti-on Tracking
 []

(07_appendix/appendix_a.tex

[98]
chapter A.
) (07_appendix/appendix_b.tex

[1


]

[2


]
chapter B.
)

[3
runsystem(makeindex -s diss.ist -t diss.glg -o diss.gls diss.glo)...executed safely (allowed).

runsystem(makeindex -s diss.ist -t diss.slg -o diss.sls diss.slo)...executed safely (allowed).

runsystem(makeindex -s diss.ist -t diss.olg -o diss.ols diss.olo)...executed safely (allowed).

runsystem(makeindex -s diss.ist -t diss.alg -o diss.als diss.alo)...executed safely (allowed).

runsystem(makeindex -s diss.ist -t diss.plg -o diss.pls diss.plo)...executed safely (allowed).

]
\openout2 = `diss.wrt'.

 (diss.aux)
\openout2 = `diss.toc'.

 (diss.wrt)
\openout2 = `diss.lof'.

 (diss.wrt)
\openout2 = `diss.lot'.

 (diss.wrt)
 ***********
LaTeX2e <2025-06-01> patch level 1
L3 programming layer <2025-09-02>
 ***********


LaTeX Warning: There were multiply-defined labels.

Package logreq Info: Writing requests to 'diss.run.xml'.
\openout1 = `diss.run.xml'.

 ) 
Here is how much of TeX's memory you used:
 72737 strings out of 468130
 1674940 string characters out of 5431601
 4834074 words of memory out of 5000000
 99359 multiletter control sequences out of 15000+600000
 724505 words of font info for 142 fonts, out of 8000000 for 9000
 1146 hyphenation exceptions out of 8191
 108i,25n,131p,11228b,3356s stack positions out of 10000i,1000n,20000p,200000b,200000s
<C:/Users/tsc/AppData/Local/Programs/MiKTeX/fonts/type1/public/lm/lmbx12.pfb><C:/Users/tsc/AppData/Local/Programs/MiKTeX/fonts/type1/public/lm/lmex10.pfb><C:/Users/tsc/AppData/Local/Programs/MiKTeX/fonts/type1/public/lm/lmmi10.pfb><C:/Users/tsc/AppData/Local/Programs/MiKTeX/fonts/type1/public/lm/lmmi12.pfb><C:/Users/tsc/AppData/Local/Programs/MiKTeX/fonts/type1/public/lm/lmmi6.pfb><C:/Users/tsc/AppData/Local/Programs/MiKTeX/fonts/type1/public/lm/lmmi8.pfb><C:/Users/tsc/AppData/Local/Programs/MiKTeX/fonts/type1/public/lm/lmmib10.pfb><C:/Users/tsc/AppData/Local/Programs/MiKTeX/fonts/type1/public/lm/lmr10.pfb><C:/Users/tsc/AppData/Local/Programs/MiKTeX/fonts/type1/public/lm/lmr12.pfb><C:/Users/tsc/AppData/Local/Programs/MiKTeX/fonts/type1/public/lm/lmr17.pfb><C:/Users/tsc/AppData/Local/Programs/MiKTeX/fonts/type1/public/lm/lmr6.pfb><C:/Users/tsc/AppData/Local/Programs/MiKTeX/fonts/type1/public/lm/lmr8.pfb><C:/Users/tsc/AppData/Local/Programs/MiKTeX/fonts/type1/public/lm/lmri12.pfb><C:/Users/tsc/AppData/Local/Programs/MiKTeX/fonts/type1/public/lm/lmro12.pfb><C:/Users/tsc/AppData/Local/Programs/MiKTeX/fonts/type1/public/lm/lmssbx10.pfb><C:/Users/tsc/AppData/Local/Programs/MiKTeX/fonts/type1/public/lm/lmsy10.pfb><C:/Users/tsc/AppData/Local/Programs/MiKTeX/fonts/type1/public/lm/lmsy6.pfb><C:/Users/tsc/AppData/Local/Programs/MiKTeX/fonts/type1/public/lm/lmsy8.pfb><C:/Users/tsc/AppData/Local/Programs/MiKTeX/fonts/type1/public/amsfonts/symbols/msbm10.pfb>
Output written on diss.pdf (129 pages, 12178191 bytes).
PDF statistics:
 2474 PDF objects out of 2487 (max. 8388607)
 708 named destinations out of 1000 (max. 500000)
 913 words of extra memory for PDF output out of 10000 (max. 10000000)

